nome_cliente_13;codice_articolo_13;articolo_colore_13;unita_di_misura_13;quantita_13;imponibile_13
CIOCCA SPA;;;KG;999,370002776384;7163,58
CIOCCA SPA;;;;;
CIOCCA SPA;PF0008040/20X660001;40/2 ELAS RIT PA 66 - GREGGIO;KG;509,670001506805;4357,67
CIOCCA SPA;PF0008040/20X661000;40/2 ELAS RIT PA 66 - MORO 81;KG;146,570001363754;1868,79
CIOCCA SPA;PF0008040/20X661001;40/2 ELAS RIT PA 66 - NERO 20;KG;926,619999796152;11814,39
CIOCCA SPA;PF0008040/20X661002;40/2 ELAS RIT PA 66 - BLU NOTTE 85;KG;817,630001038313;10424,78
CIOCCA SPA;PF0008040/20X661003;40/2 ELAS RIT PA 66 - GRIGIO TOPO 88;KG;146,990000963211;1874,14
CIOCCA SPA;PF0008040/20X661004;40/2 ELAS RIT PA 66 - ANTRACITE 89;KG;407,640000939369;5197,41
CIOCCA SPA;PF0008040/20X661005;40/2 ELAS RIT PA 66 - BORDO' 58;KG;72,0400011539459;918,52
CIOCCA SPA;PF0008040/20X661008;40/2 ELAS RIT PA 66 - CORDA 06;KG;27,3999996185303;349,35
CIOCCA SPA;PF0008040/20X661009;40/2 ELAS RIT PA 66 - ARGENTO 36;KG;29,7600005865097;379,44
CIOCCA SPA;PF0008040/20X661016;40/2 ELAS RIT PA 66 - SABBIA 03;KG;196,009999632835;2499,15
CIOCCA SPA;PF0008040/20X661020;40/2 ELAS RIT PA 66 - MILITARE 42;KG;15,190000295639;193,67
CIOCCA SPA;PF0008040/20X661026;40/2 ELAS RIT PA 66 - BEIGE 111;KG;14,6000003814697;186,15
CIOCCA SPA;PF0008040/20X661027;40/2 ELAS RIT PA 66 - CACAO 15;KG;14,9999995231628;191,25
CIOCCA SPA;PF0008040/20X661033;40/2 ELAS RIT PA 66 - BEIGE 14;KG;15,1899995803833;193,67
CIOCCA SPA;PF0008040/20X661034;40/2 ELAS RIT PA 66 - VR182 - MILITARE 48;KG;13,3999996185303;170,85
CIOCCA SPA;PF0008060/20X661000;60/2 ELAS RIT PA 66 - MORO 81;KG;76,8099995851517;806,54
CIOCCA SPA;PF0008060/20X661001;60/2 ELAS RIT PA 66 - NERO 20;KG;618,020002424717;6489,47
CIOCCA SPA;PF0008060/20X661002;60/2 ELAS RIT PA 66 - BLU NOTTE 85;KG;601,889999389648;6320,03
CIOCCA SPA;PF0008060/20X661003;60/2 ELAS RIT PA 66 - GRIGIO TOPO 88;KG;155,590000331402;1633,75
CIOCCA SPA;PF0008060/20X661004;60/2 ELAS RIT PA 66 - ANTRACITE 89;KG;209,379997968674;2198,58
CIOCCA SPA;PF0008060/20X661005;60/2 ELAS RIT PA 66 - BORDO' 58;KG;30,0100002288818;315,12
CIOCCA SPA;PF0008060/20X661006;60/2 ELAS RIT PA 66 - INDACO 728;KG;15,07000041008;158,24
CIOCCA SPA;PF0008060/20X661007;60/2 ELAS RIT PA 66 - BLU NAVY 77;KG;13,890000462532;145,85
CIOCCA SPA;PF0008060/20X661009;60/2 ELAS RIT PA 66 - ARGENTO 36;KG;15,0799996852875;158,35
CIOCCA SPA;PF0008060/20X661014;60/2 ELAS RIT PA 66 - GHIACCIO 131;KG;14,8200000524521;155,62
CIOCCA SPA;PF0008060/20X661016;60/2 ELAS RIT PA 66 - SABBIA 03;KG;14,6800000667572;154,15
CIOCCA SPA;PF0008060/20X661019;60/2 ELAS RIT PA 66 - AZZURRO 771;KG;14,9200000762939;156,67
CIOCCA SPA;PF0008060/20X661022;60/2 ELAS RIT PA 66 - NATURALE 301;KG;10,5900001525879;111,2
CIOCCA SPA;PF0008060/20X661024;60/2 ELAS RIT PA 66 - BIANCO 02;KG;234,450001180172;2461,81
CIOCCA SPA;PF0008060/20X661027;60/2 ELAS RIT PA 66 - CACAO 15;KG;15,7799997329712;165,69
CIOCCA SPA;PF0008060/20X661030;60/2 ELAS RIT PA 66 - AVIO 778;KG;15,25;160,13
CIOCCA SPA;PF0008060/20X661033;60/2 ELAS RIT PA 66 - BEIGE 14;KG;15,2700004577637;160,34
CIOCCA SPA;PF0008060/30X660001;60/3 ELAS RIT PA 66 - GREGGIO;KG;124,829999685287;1273,27
CIOCCA SPA;PF0008060/30X661000;60/3 ELAS RIT PA 66 - MORO 81;KG;17,1199994087219;186,61
CIOCCA SPA;PF0008060/30X661001;60/3 ELAS RIT PA 66 - NERO 20;KG;102,019999742508;1112,04
CIOCCA SPA;PF0008060/30X661002;60/3 ELAS RIT PA 66 - BLU NOTTE 85;KG;49,0000004768372;534,1
CIOCCA SPA;PF0008060/30X661003;60/3 ELAS RIT PA 66 - GRIGIO TOPO 88;KG;15,3099999427795;166,88
CIOCCA SPA;PF0008060/30X661004;60/3 ELAS RIT PA 66 - ANTRACITE 89;KG;18,4400000572205;201
CIOCCA SPA;PF0008060/30X661007;60/3 ELAS RIT PA 66 - BLU NAVY 77;KG;14,1999998092651;154,78
CIOCCA SPA;PF0008060/30X661009;60/3 ELAS RIT PA 66 - ARGENTO 36;KG;13,9199995994568;151,73
CIOCCA SPA;PF0008060/30X661024;60/3 ELAS RIT PA 66 - BIANCO 02;KG;93,9899995326996;1024,49
CIOCCA SPA;PF000844/340XTC0001;44/34/2 ELAS RIT TACTEL - GREGGIO;KG;48,0099999904633;528,11
CIOCCA SPA;PF000844/340XTC1009;44/34/2 ELAS RIT TACTEL - ARGENTO 36;KG;14,6300001144409;216,52
CIOCCA SPA;PF000844/340XTC1010;44/34/2 ELAS RIT TACTEL - NERO 20;KG;174,170000553131;2577,71
CIOCCA SPA;PF000844/340XTC1011;44/34/2 ELAS RIT TACTEL - BLU NOTTE 85;KG;162,589999079704;2406,33
CIOCCA SPA;PF000844/340XTC1012;44/34/2 ELAS RIT TACTEL - ANTRACITE 89;KG;87,909999370575;1301,07
CIOCCA SPA;PF000844/340XTC1015;44/34/2 ELAS RIT TACTEL - CORDA 06;KG;14,2199996709824;210,46
CALZIFICIO DE PIO di Chiaruttini & C. Snc.;;;;;
CALZIFICIO DE PIO di Chiaruttini & C. Snc.;PF0009070/10X660001;70/1 ELAS RIT PA 66 - GREGGIO;KG;1;50
CALZIFICIO DE PIO di Chiaruttini & C. Snc.;PF0009070/20X660001;70/2 ELAS RIT PA 66 - GREGGIO;KG;1;50
DOLCI CALZE 2 SRL;;;;;
DOLCI CALZE 2 SRL;PF0010060/20X661001;60/2 ELAS RIT PA 66 - NERO;KG;182,840000629425;1938,1
DOLCI CALZE 2 SRL;PF0010060/20X661002;60/2 ELAS RIT PA 66 - MORO;KG;58,8200000524521;623,49
DOLCI CALZE 2 SRL;PF0010060/20X661003;60/2 ELAS RIT PA 66 - ECRU';KG;58,8899998664856;624,25
DOLCI CALZE 2 SRL;PF0010060/20X661005;60/2 ELAS RIT PA 66 - BORDO';KG;60,6300005912781;642,66
DOLCI CALZE 2 SRL;PF0010060/20X661006;60/2 ELAS RIT PA 66 - FUME';KG;155,259998559952;1645,76
DOLCI CALZE 2 SRL;PF0010060/20X661007;60/2 ELAS RIT PA 66 - BLEU 29;KG;31;328,61
DOLCI CALZE 2 SRL;PF0010060/20X661012;60/2 ELAS RIT PA 66 - MARRONE SPENTO;KG;28,5200002193451;302,31
DOLCI CALZE 2 SRL;PF0010060/20X661015;60/2 ELAS RIT PA 66 - RUBINO;KG;30,3399996757507;321,6
DOLCI CALZE 2 SRL;PF0010060/20X661019;60/2 ELAS RIT PA 66 - ARGENTO;KG;29,4300003051758;311,96
DUBLO SRL;;;;;
DUBLO SRL;PF001167/200K661000;67/20 LISCIO VOILE RIT 450 GIRI PA 66 - MARRONE 090;KG;35,5499997138977;412,38
DUBLO SRL;PF001167/200K661001;67/20 LISCIO VOILE RIT 450 GIRI PA 66 - BLEU 051;KG;350,609999299049;4067,06
DUBLO SRL;PF001167/200K661002;67/20 LISCIO VOILE RIT 450 GIRI PA 66 - NERO 002;KG;276,500000715256;3207,39
DUBLO SRL;PF001167/200K661003;67/20 LISCIO VOILE RIT 450 GIRI PA 66 - ANTRACITE 082;KG;181,69999986887;2107,72
DUBLO SRL;PF001167/200K661005;67/20 LISCIO VOILE RIT 450 GIRI PA 66 - GRIGIO MEDIO 084;KG;78,8600001335144;914,78
FACI di Falzoni Luigi & C. SNC;;;;;
FACI di Falzoni Luigi & C. SNC;PF0026020/10A661010;20/1 ELAS APE PA 66 - BIANCO;KG;19,1000003814697;477,5
FACI di Falzoni Luigi & C. SNC;PF0026040/20X661007;40/2 ELAS RIT PA 66 - BIANCO LANA SCURO;KG;39,7900009155273;517,27
FACI di Falzoni Luigi & C. SNC;PF0026LUC700XP61000;70 LUCIDO RIT PA 6 - CANDIDO;KG;199,350000858307;2960,34
FACI di Falzoni Luigi & C. SNC;PF0026LUC700XP61008;70 LUCIDO RIT PA 6 - NERO;KG;204,379997730255;3035,05
GEMTEX SRL;;;;;
GEMTEX SRL;PF0028070/20XP61004;70/2 ELAS RIT PA 6 - GRIGIO SCURO 27;KG;63,7999992370605;529,55
GEMTEX SRL;PF0028070/20XP61008;70/2 ELAS RIT PA 6 - ROSSO N.32;KG;247,420004367828;2053,6
GEMTEX SRL;PF0028070/20XP61009;70/2 ELAS RIT PA 6 - BLU SCURO N. 94;KG;161,550000190735;1340,9
GEMTEX SRL;PF0028070/20XP61010;70/2 ELAS RIT PA 6 - BLUETTE 293;KG;78,1599998474121;648,73
GEMTEX SRL;PF0028070/20XP61011;70/2 ELAS RIT PA 6 - AZZURRO 627;KG;192,60000038147;1598,6
GEMTEX SRL;PF0028070/20XP61012;70/2 ELAS RIT PA 6 - VERDE 144 OLIVA NERA;KG;33,7599997520447;280,2
GEMTEX SRL;PF0028070/20XP61013;70/2 ELAS RIT PA 6 - VERDE 146 MUSTARD;KG;30,3100006580353;251,58
GEMTEX SRL;PF0028070/20XP61014;70/2 ELAS RIT PA 6 - BLU 147 URAGANO;KG;29,0500001907349;241,12
GEMTEX SRL;PF0028070/20XP61015;70/2 ELAS RIT PA 6 - ROSSO 145 GRANATA;KG;28,5499997138977;236,97
GEMTEX SRL;PF0028070/20XP61017;70/2 ELAS RIT PA 6 - CANDIDO;KG;305,450002193451;2535,27
GEMTEX SRL;PF0028070/20XP61018;70/2 ELAS RIT PA 6 - NERO A CAMPIONE;KG;106,209999084473;881,54
GEMTEX SRL;PF0028070/20XP61019;70/2 ELAS RIT PA 6 - GRIGIO 149;KG;166,699999809265;1383,6
GEMTEX SRL;PF0028070/20XP61020;70/2 ELAS RIT PA 6 - BLU 148;KG;176,409999132156;1464,2
GEMTEX SRL;PF002870/160IP61016;78/2 MELANGE INTERLACCIATO PA 6 - GRIGIO MELANGE CHIARO 8545;KG;37,5899993181229;357,11
GEMTEX SRL;PR00280001;;;0;31,89
GLORIA MED SPA;;;KG;92,3899993896484;-983,95
GLORIA MED SPA;;;;;
GLORIA MED SPA;PF0029020/20X661000;20/2 ELAS RIT PA 66 - BEIGE 36;KG;458,739999890327;8830,76
GLORIA MED SPA;PF0029030/10A660001;30/1 ELAS APE PA 66 - GREGGIO;KG;8,5;48,45
GLORIA MED SPA;PF0029030/10X660001;30/1 ELAS RIT PA 66 - GREGGIO;KG;26,6500000953674;151,91
GLORIA MED SPA;PF0029030/10X661000;30/1 ELAS RIT PA 66 - BEIGE 36;KG;33,2899994850159;670,8
GLORIA MED SPA;PF0029030/20X661000;30/2 ELAS RIT PA 66 - BEIGE 36;KG;37,4000000953674;604,01
GLORIA MED SPA;PF0029033200A661000;33/20/1 ELAS APE FLEXY PA 66 - BEIGE 36;KG;61,3699994087219;800,88
GLORIA MED SPA;PF0029033200A661014;33/20/1 ELAS APE FLEXY PA 66 - NERO 60;KG;21,1700003147125;254,04
GLORIA MED SPA;PF0029040/20X661000;40/2 ELAS RIT PA 66 - BEIGE 36;KG;236,150000572205;3294,29
GLORIA MED SPA;PF0029040/20X661004;40/2 ELAS RIT PA 66 - GREGGIO TINTO;KG;38,1099996566772;531,63
GLORIA MED SPA;PF0029060/20X661001;60/2 ELAS RIT PA 66 - BEIGE 36;KG;592,45000064373;6309,63
GLORIA MED SPA;PF0029070/10X661000;70/1 ELAS RIT PA 66 - BEIGE 36;KG;944,859997749329;10526,21
GLORIA MED SPA;PF0029070/10X661014;70/1 ELAS RIT PA 66 - NERO 60;KG;45,649998664856;509,01
GLORIA MED SPA;PF0029070/20X661001;70/2 ELAS RIT PA 66 - BEIGE 36;KG;1334,82999968529;13399,4
GLORIA MED SPA;PF0029070/20X661003;70/2 ELAS RIT PA 66 - BEIGE 060;KG;38,4500002861023;386,42
GLORIA MED SPA;PF0029070/20X661004;70/2 ELAS RIT PA 66 - GREGGIO TINTO;KG;36,5700006484985;367,53
GLORIA MED SPA;PF0029070/20X661005;70/2 ELAS RIT PA 66 - CANDIDO;KG;11,3199996948242;112,63
GLORIA MED SPA;PF0029100/20X661001;100/2 ELAS RIT PA 66 - BEIGE 36;KG;877,050001740456;8675,02
GLORIA MED SPA;PF0029333410A660001;33/34/1 APE FLEXY PA 66 - ;KG;153,2200050354;1210,45
GLORIA MED SPA;PF0029443410X661000;44/34/1 ELAS RIT PA 66 - BEIGE 36;KG;65,7300002574921;1321,18
MICO SPORT SPA;;;KG;38,4000015258789;-480
MICO SPORT SPA;;;;;
MICO SPORT SPA;PF0034040/20X660001;40/2 ELAS RIT PA 66 - GREGGIO;KG;40,6399991512299;540,52
MICO SPORT SPA;PF0034040/20X661032;40/2 ELAS RIT PA 66 - GRIGIO 431/C;KG;36,3800001144409;483,86
MICO SPORT SPA;PF0034040/20X661033;40/2 ELAS RIT PA 66 - VERDE ARMY;KG;41,3599996566772;550,09
MICO SPORT SPA;PF0034040/20X661044;40/2 ELAS RIT PA 66 - GIALLO FLUO;KG;22,8199996948242;303,51
MICO SPORT SPA;PF0034040/20X661085;40/2 ELAS RIT PA 66 - DANUBIO 14;KG;20,460000038147;272,12
MICO SPORT SPA;PF0034040/20X661086;40/2 ELAS RIT PA 66 - MILITARE 14;KG;16,400000333786;218,12
MICO SPORT SPA;PF0034040/20X661087;40/2 ELAS RIT PA 66 - FRESIA 14;KG;19,9300003051758;265,07
MICO SPORT SPA;PF0034040/20X661088;40/2 ELAS RIT PA 66 - GINGER 14;KG;18,5399994850159;246,58
MICO SPORT SPA;PF0034070/20X661004;70/2 ELAS RIT PA 66 - GRAFITE 9240;KG;81,1300001144409;786,97
MICO SPORT SPA;PF0034070/20X661006;70/2 ELAS RIT PA 66 - FUMO 107;KG;42,6400001049042;413,62
MICO SPORT SPA;PF0034070/20X661010;70/2 ELAS RIT PA 66 - ROSSO 003;KG;41,2700004577637;400,32
MICO SPORT SPA;PF0034070/20X661015;70/2 ELAS RIT PA 66 - GRIGIO M;KG;400,72000014782;3887,01
MICO SPORT SPA;PF0034070/20X661016;70/2 ELAS RIT PA 66 - BLU UNIVERSO;KG;41,0500001907349;398,19
MICO SPORT SPA;PF0034070/20X661020;70/2 ELAS RIT PA 66 - GRIGIO PELTRO;KG;247,000000596046;2395,89
MICO SPORT SPA;PF0034070/20X661025;70/2 ELAS RIT PA 66 - GRIGIO MEDIO 7717;KG;374,589998245239;3633,56
MICO SPORT SPA;PF0034070/20X661027;70/2 ELAS RIT PA 66 - PAVONE 071;KG;40,1200008392334;389,16
MICO SPORT SPA;PF0034070/20X661030;70/2 ELAS RIT PA 66 - VERDE CIPRESSO 06;KG;79,6199989318848;772,32
MICO SPORT SPA;PF0034070/20X661033;70/2 ELAS RIT PA 66 - VERDE ARMY;KG;86,9699993133545;843,63
MICO SPORT SPA;PF0034070/20X661044;70/2 ELAS RIT PA 66 - GIALLO FLUO;KG;58,9499998092651;571,82
MICO SPORT SPA;PF0034070/20X661055;70/2 ELAS RIT PA 66 - ROSSO GO;KG;39,6899995803833;385
MICO SPORT SPA;PF0034070/20X661079;70/2 ELAS RIT PA 66 - CILIEGIA 13;KG;42,3099999427795;410,41
MICO SPORT SPA;PF0034070/20X661080;70/2 ELAS RIT PA 66 - ALLUMINIO 13;KG;41,8999996185303;406,44
MICO SPORT SPA;PF0034070/20X661081;70/2 ELAS RIT PA 66 - GARDENIA 13;KG;40,6899995803833;394,69
MICO SPORT SPA;PF0034070/20X661082;70/2 ELAS RIT PA 66 - GHIACCIAIO 13;KG;81,070001244545;786,38
MICO SPORT SPA;PF0034070/20X661085;70/2 ELAS RIT PA 66 - DANUBIO 14;KG;19,7199997901917;191,28
MICO SPORT SPA;PF0034070/20X661086;70/2 ELAS RIT PA 66 - MILITARE 14;KG;20,3699998855591;197,59
MICO SPORT SPA;PF0034070/20X661087;70/2 ELAS RIT PA 66 - FRESIA 14;KG;20,4299998283386;198,18
MICO SPORT SPA;PF0034070/20X661088;70/2 ELAS RIT PA 66 - GINGER 14;KG;20,0499997138977;194,49
MICO SPORT SPA;PF0034100/20X661004;100/2 ELAS RIT PA 66 - GRAFITE 9240;KG;88,4000005722046;884
MICO SPORT SPA;PF0034100/20X661005;100/2 ELAS RIT PA 66 - ACIDO 2662;KG;44,1000003814697;441
MICO SPORT SPA;PF0034100/20X661010;100/2 ELAS RIT PA 66 - ROSSO 003;KG;321,090000987053;3210,9
MICO SPORT SPA;PF0034100/20X661011;100/2 ELAS RIT PA 66 - GRIGIO 2360;KG;76,620001077652;766,2
MICO SPORT SPA;PF0034100/20X661015;100/2 ELAS RIT PA 66 - GRIGIO M;KG;39,75;397,5
MICO SPORT SPA;PF0034100/20X661022;100/2 ELAS RIT PA 66 - GRIGIO CAMP;KG;157,759999513626;1577,6
MICO SPORT SPA;PF0034100/20X661025;100/2 ELAS RIT PA 66 - GRIGIO MEDIO 7717;KG;39,710000038147;397,1
MICO SPORT SPA;PF0034100/20X661026;100/2 ELAS RIT PA 66 - ROSSO 2605;KG;44,0999994277954;441
MICO SPORT SPA;PF0034100/20X661027;100/2 ELAS RIT PA 66 - PAVONE 071;KG;40,6700000762939;406,7
MICO SPORT SPA;PF0034100/20X661032;100/2 ELAS RIT PA 66 - GRIGIO 431/C;KG;452,820001721382;4528,2
MICO SPORT SPA;PF0034100/20X661044;100/2 ELAS RIT PA 66 - GIALLO FLUO;KG;119,450000762939;1194,5
MICO SPORT SPA;PF0034100/20X661047;100/2 ELAS RIT PA 66 - ARANCIO 10;KG;38,8899993896484;388,9
MICO SPORT SPA;PF0034100/20X661062;100/2 ELAS RIT PA 66 - VERDE CIPRESSO;KG;40,6099996566772;406,1
MICO SPORT SPA;PF0034100/20X661074;100/2 ELAS RIT PA 66 - VERDE FLUO;KG;82,1899995803833;821,9
MICO SPORT SPA;PF0034100/20X661084;100/2 ELAS RIT PA 66 - ARANCIO FLUO;KG;43,3799996376038;433,8
MICO SPORT SPA;PF0034100/20X661089;100/2 ELAS RIT PA 66 - FUXIA 3186;KG;31,5900000333786;315,9
MICO SPORT SPA;PF0034137010A661034;LYCRA+PA66 (13+ 078 TINTO) 83 DTX - AZZURRO 05;KG;41,4700002670288;763,06
MICO SPORT SPA;PF0034224410A661074;LYCRA+PA66 (22+044 TINTO) 51 DTX  - VERDE FLUO;KG;22,549999833107;450,09
MICO SPORT SPA;PF0034224410A661081;LYCRA+PA66 (22+044 TINTO) 51 DTX - GARDENIA 13;KG;7,70000004768372;153,69
MICO SPORT SPA;PF0034224410A661087;LYCRA+PA66 (22+044 TINTO) 51 DTX  - FRESIA 14;KG;8,3199999332428;166,06
MICO SPORT SPA;PF0034224410A661088;LYCRA+PA66 (22+044 TINTO) 51 DTX - GINGER 14;KG;17,0899994373322;341,12
MICO SPORT SPA;PF0034227010A661033;LYCRA+PA66 (22+ 078 TINTO) 85 DTX - VERDE ARMY;KG;43,8199996948242;764,22
MICO SPORT SPA;PF0034227010A661078;LYCRA+PA66 (22+ 078 TINTO) 85 DTX  - CORAL 13;KG;6,42999982833862;112,14
MICO SPORT SPA;PF0034227010A661080;LYCRA+PA66 (22+ 078 TINTO) 85 DTX  - ALLUMINIO 13;KG;54,5800002813339;951,89
MICO SPORT SPA;PF0034227010A661081;LYCRA+PA66 (22+ 078 TINTO) 85 DTX  - GARDENIA 13;KG;50,3800001144409;878,62
MICO SPORT SPA;PF0034227010A661085;LYCRA+PA66 (22+ 078 TINTO) 85 DTX - DANUBIO 14;KG;22,7500002384186;396,75
MICO SPORT SPA;PF0034227010A661086;LYCRA+PA66 (22+ 078 TINTO) 85 DTX - MILITARE 14;KG;22,08999979496;385,25
MICO SPORT SPA;PF0034227010A661087;LYCRA+PA66 (22+ 078 TINTO) 85 DTX - FRESIA 14;KG;20,1200001239777;350,9
MICO SPORT SPA;PF0034227010A661088;LYCRA+PA66 (22+ 078 TINTO) 85 DTX - GINGER 14;KG;21,1900000572205;369,55
MICO SPORT SPA;PF0034784610XTC1001;78/46/1 ELAS RIT TACTEL - NERO;KG;173,920000076294;2313,13
MICO SPORT SPA;PF0034784610XTC1014;78/46/1 ELAS RIT TACTEL - BLU NOTTE 4;KG;38,1999998092651;508,07
MICO SPORT SPA;PF0034784610XTC1021;78/46/1 ELAS RIT TACTEL - ANTRACITE 4;KG;39,5099997520447;525,48
MICO SPORT SPA;PF0034784610XTC1028;78/46/1 ELAS RIT TACTEL - CANDIDO;KG;35,6999983787537;474,81
MICO SPORT SPA;PF0034784620XTC1012;78/46/2 ELAS RIT TACTEL - ARGENTO 4;KG;120,10999917984;1501,4
MICO SPORT SPA;PF0034784620XTC1021;78/46/2 ELAS RIT TACTEL - ANTRACITE 4;KG;118,699999332428;1483,79
MICO SPORT SPA;PF0034784620XTC1028;78/46/2 ELAS RIT TACTEL - CANDIDO;KG;40,9799995422363;512,26
MICO SPORT SPA;PF0034784620XTC1029;78/46/2 ELAS RIT TACTEL - GRIGIO 431/C;KG;134,579998970032;1682,27
MICO SPORT SPA;PF0034784620XTC1043;78/46/2 ELAS RIT TACTEL - GRIGIO 71;KG;38,9300003051758;486,64
MICO SPORT SPA;PF0034784620XTC1083;78/46/2 ELAS RIT TACTEL - FUMO 107;KG;38,2100009918213;477,64
MICO SPORT SPA;PF0034786820X661017;78/68/2  RIT PA 66 - CANDIDO;KG;41,7199993133545;598,68
NEMAR SPA;;;KG;195,320003986359;-2178,59
NEMAR SPA;;;G;16,7000007629395;-207,08
NEMAR SPA;;;;;
NEMAR SPA;PF0035070/20XP61023;70/2 ELAS RIT PA 6 - MIRTILLO E86;KG;429,620001792908;3565,84
NEMAR SPA;PF0035070/20XP61024;70/2 ELAS RIT PA 6 - NERO E3;KG;805,820001602173;6688,34
NEMAR SPA;PF0035070/20XP61025;70/2 ELAS RIT PA 6 - E1 BIANCO;KG;247,870001077652;2057,31
NEMAR SPA;PF0035070/20XP61026;70/2 ELAS RIT PA 6 - ELETTRICO E 19;KG;30,8200006484985;255,81
NEMAR SPA;PF0035070/20XP61027;70/2 ELAS RIT PA 6 - PIOMBO E 8;KG;30,6800003051758;254,65
NEMAR SPA;PF0035070/20XP61028;70/2 ELAS RIT PA 6 - ACCIAIO E63;KG;59,3600001335144;492,69
NEMAR SPA;PF0035070/20XP61029;70/2 ELAS RIT PA 6 - TURCHESE E 18;KG;155,009999513626;1286,6
NEMAR SPA;PF0035070/20XP61030;70/2 ELAS RIT PA 6 - NAVY E 12;KG;20,0099992752075;166,08
NEMAR SPA;PF0035070/20XP61031;70/2 ELAS RIT PA 6 - E 53 CICLAMINO;KG;15,1499996185303;125,75
NEMAR SPA;PF0035070/20XP61032;70/2 ELAS RIT PA 6 - PIRITE E 62;KG;13,4099998474121;111,3
NEMAR SPA;PF0035070/20XP61033;70/2 ELAS RIT PA 6 - ARANCIO FLUO E 100;KG;29,1300010681152;241,78
NEMAR SPA;PF0035070/20XP61034;70/2 ELAS RIT PA 6 - ANICE E 46;KG;21,8799998760223;181,61
NEMAR SPA;PF0035070/40X661024;70/4 ELAS RIT PA 66 - NERO E3;KG;76,3200013637543;679,25
NEMAR SPA;PF0035784620XTC1000;78/46/2 ELAS RIT TACTEL - NERO STL;KG;1475,14000296593;18291,8
NEMAR SPA;PF0035784620XTC1004;78/46/2 ELAS RIT TACTEL - BIANCO;KG;180,760000944138;2241,43
NEMAR SPA;PF0035784620XTC1005;78/46/2 ELAS RIT TACTEL - GRIGIO STL;KG;554,249998569489;6872,7
NEMAR SPA;PF0035784620XTC1006;78/46/2 ELAS RIT TACTEL - CIPRIA E88;KG;63,4799995422363;787,15
NEMAR SPA;PF0035784620XTC1007;78/46/2 ELAS RIT TACTEL - AZUL 2125;KG;51,5099990367889;638,72
NEMAR SPA;PF0035784620XTC1008;78/46/2 ELAS RIT TACTEL - FUXIA PITTI;KG;439,389998197556;5448,46
NEMAR SPA;PF0035784620XTC1020;78/46/2 ELAS RIT TACTEL - VIOLA 19-3438;KG;79,0600004196167;980,35
NEMAR SPA;PF0035784620XTC1021;78/46/2 ELAS RIT TACTEL - ADRIA E 95;KG;92,8000013828278;1150,72
NEMAR SPA;PF0035784620XTC1022;78/46/2 ELAS RIT TACTEL - RV367 - FRAGOLA STL;KG;81,9999985694885;1016,81
NEMAR SPA;PR00350006;;;0;14,57
NASTRIFICIO ZINGONIA SRL;;;KG;117,46000123024;-6556,33
NASTRIFICIO ZINGONIA SRL;;;;;
NASTRIFICIO ZINGONIA SRL;PF00360156T0X661035;156/1 TACTEL RIT PA 66 - ARGENTO;KG;903,980002164841;12204
NASTRIFICIO ZINGONIA SRL;PF00360156T0X661036;156/1 TACTEL RIT PA 66 - ORO;KG;92,5799999237061;1249,86
NASTRIFICIO ZINGONIA SRL;PF0036040/20X661001;40/2 ELAS RIT PA 66 - CANDIDO;KG;89,0700016021729;979,77
NASTRIFICIO ZINGONIA SRL;PF0036040/20X661004;40/2 ELAS RIT PA 66 - NERO;KG;195,559999465942;2151,16
NASTRIFICIO ZINGONIA SRL;PF0036040/20X661098;40/2 ELAS RIT PA 66 - GRIGIO SCURO;KG;106,71999835968;1173,92
NASTRIFICIO ZINGONIA SRL;PF0036040/20X661105;40/2 ELAS RIT PA 66 - BLU 193928;KG;38,6999998092651;425,7
NASTRIFICIO ZINGONIA SRL;PF0036070/20X660001;70/2 ELAS RIT PA 66 - GREGGIO;KG;518,359996318817;3162,02
NASTRIFICIO ZINGONIA SRL;PF0036070/20X661000;70/2 ELAS RIT PA 66 - BLEU STEINER;KG;1613,62999784946;13877,21
NASTRIFICIO ZINGONIA SRL;PF0036070/20X661001;70/2 ELAS RIT PA 66 - CANDIDO;KG;14068,5000065267;120272,91
NASTRIFICIO ZINGONIA SRL;PF0036070/20X661002;70/2 ELAS RIT PA 66 - BLU RANGER;KG;392,339998722076;3374,12
NASTRIFICIO ZINGONIA SRL;PF0036070/20X661004;70/2 ELAS RIT PA 66 - NERO;KG;10413,0700151324;89552,59
NASTRIFICIO ZINGONIA SRL;PF0036070/20X661005;70/2 ELAS RIT PA 66 - GRIGIO MEDIO;KG;277,949998855591;2390,4
NASTRIFICIO ZINGONIA SRL;PF0036070/20X661006;70/2 ELAS RIT PA 66 - ROSSO BRIKO;KG;400,049997806549;3440,43
NASTRIFICIO ZINGONIA SRL;PF0036070/20X661007;70/2 ELAS RIT PA 66 - PISTACCHIO;KG;208,300000190735;1791,39
NASTRIFICIO ZINGONIA SRL;PF0036070/20X661008;70/2 ELAS RIT PA 66 - FUXIA 5;KG;213,190001964569;1833,42
NASTRIFICIO ZINGONIA SRL;PF0036070/20X661015;70/2 ELAS RIT PA 66 - GRIGIO SCURO BRIKO;KG;1229,9800003767;10577,86
NASTRIFICIO ZINGONIA SRL;PF0036070/20X661016;70/2 ELAS RIT PA 66 - ROYAL;KG;405,569998204708;3487,9
NASTRIFICIO ZINGONIA SRL;PF0036070/20X661017;70/2 ELAS RIT PA 66 - ROSSO FUOCO;KG;209,019999504089;1797,57
NASTRIFICIO ZINGONIA SRL;PF0036070/20X661022;70/2 ELAS RIT PA 66 - TESTA DI MORO;KG;408,660001754761;3514,5
NASTRIFICIO ZINGONIA SRL;PF0036070/20X661023;70/2 ELAS RIT PA 66 - BLU CATANZARO;KG;1920,89999997616;16519,71
NASTRIFICIO ZINGONIA SRL;PF0036070/20X661024;70/2 ELAS RIT PA 66 - GRIGIO PERLA;KG;1355,01999783516;11653,13
NASTRIFICIO ZINGONIA SRL;PF0036070/20X661025;70/2 ELAS RIT PA 66 - MARRONE;KG;107,900000572205;927,95
NASTRIFICIO ZINGONIA SRL;PF0036070/20X661026;70/2 ELAS RIT PA 66 - BLU MANTRA;KG;182,670001983643;1570,97
NASTRIFICIO ZINGONIA SRL;PF0036070/20X661028;70/2 ELAS RIT PA 66 - VIOLA 4;KG;114,39999961853;983,84
NASTRIFICIO ZINGONIA SRL;PF0036070/20X661040;70/2 ELAS RIT PA 66 - NOCE CHIARO;KG;82,8200006484985;712,25
NASTRIFICIO ZINGONIA SRL;PF0036070/20X661041;70/2 ELAS RIT PA 66 - GIALLO LIMONE;KG;392,689998626709;3377,13
NASTRIFICIO ZINGONIA SRL;PF0036070/20X661042;70/2 ELAS RIT PA 66 - TIRRENO;KG;93,9000005722046;807,56
NASTRIFICIO ZINGONIA SRL;PF0036070/20X661047;70/2 ELAS RIT PA 66 - GRIGIO UOMO;KG;1806,29000115395;15534,05
NASTRIFICIO ZINGONIA SRL;PF0036070/20X661052;70/2 ELAS RIT PA 66 - COBALTO CHIARO;KG;288,370000600815;2479,96
NASTRIFICIO ZINGONIA SRL;PF0036070/20X661053;70/2 ELAS RIT PA 66 - JEANS;KG;397,840001583099;3421,44
NASTRIFICIO ZINGONIA SRL;PF0036070/20X661055;70/2 ELAS RIT PA 66 - ASFALTO;KG;95,3699991703033;820,18
NASTRIFICIO ZINGONIA SRL;PF0036070/20X661061;70/2 ELAS RIT PA 66 - BLU SPORT;KG;413,450000286102;3555,65
NASTRIFICIO ZINGONIA SRL;PF0036070/20X661064;70/2 ELAS RIT PA 66 - MADONNA;KG;421,91000020504;3628,45
NASTRIFICIO ZINGONIA SRL;PF0036070/20X661065;70/2 ELAS RIT PA 66 - ROSSO SANGUE;KG;686,589998483658;5904,7
NASTRIFICIO ZINGONIA SRL;PF0036070/20X661067;70/2 ELAS RIT PA 66 - GRIGIO MISSONI;KG;97,3800005912781;837,46
NASTRIFICIO ZINGONIA SRL;PF0036070/20X661074;70/2 ELAS RIT PA 66 - BLU NOTTE;KG;7477,42000252008;64305,89
NASTRIFICIO ZINGONIA SRL;PF0036070/20X661076;70/2 ELAS RIT PA 66 - FUMO DI LONDRA;KG;196,120001316071;1686,64
NASTRIFICIO ZINGONIA SRL;PF0036070/20X661080;70/2 ELAS RIT PA 66 - BLUETTE EMINENCE;KG;102,309999465942;879,86
NASTRIFICIO ZINGONIA SRL;PF0036070/20X661082;70/2 ELAS RIT PA 66 - FANGO SCURO;KG;198,670001745224;1708,55
NASTRIFICIO ZINGONIA SRL;PF0036070/20X661084;70/2 ELAS RIT PA 66 - VERDE FLUO;KG;207,639999389648;1785,71
NASTRIFICIO ZINGONIA SRL;PF0036070/20X661087;70/2 ELAS RIT PA 66 - GRIGIO EMINENCE;KG;130,789999961853;1124,8
NASTRIFICIO ZINGONIA SRL;PF0036070/20X661088;70/2 ELAS RIT PA 66 - VERDE BOTTIGLIA;KG;212,690000534058;1829,11
NASTRIFICIO ZINGONIA SRL;PF0036070/20X661089;70/2 ELAS RIT PA 66 - VERDINO CHIARO;KG;105,309999465942;905,66
NASTRIFICIO ZINGONIA SRL;PF0036070/20X661090;70/2 ELAS RIT PA 66 - NEUTRAL GREY;KG;293,57999920845;2524,77
NASTRIFICIO ZINGONIA SRL;PF0036070/20X661091;70/2 ELAS RIT PA 66 - ARANCIO SPY;KG;108,600001573563;933,97
NASTRIFICIO ZINGONIA SRL;PF0036070/20X661092;70/2 ELAS RIT PA 66 - VERDE EMINENCE;KG;31,1699991226196;268,06
NASTRIFICIO ZINGONIA SRL;PF0036070/20X661093;70/2 ELAS RIT PA 66 - MARRONE MEDIO;KG;61,6700000762939;530,36
NASTRIFICIO ZINGONIA SRL;PF0036070/20X661094;70/2 ELAS RIT PA 66 - TABACCO MEDIO;KG;57,5500001907349;494,93
NASTRIFICIO ZINGONIA SRL;PF0036070/20X661095;70/2 ELAS RIT PA 66 - FANGO;KG;60,5899991989136;521,07
NASTRIFICIO ZINGONIA SRL;PF0036070/20X661096;70/2 ELAS RIT PA 66 - TURCHESE EMINENCE;KG;31,7700004577637;273,22
NASTRIFICIO ZINGONIA SRL;PF0036070/20X661097;70/2 ELAS RIT PA 66 - ROYAL EMINENCE;KG;33,1300010681152;284,91
NASTRIFICIO ZINGONIA SRL;PF0036070/20X661099;70/2 ELAS RIT PA 66 - BROCK GREEN;KG;94,82000041008;815,46
NASTRIFICIO ZINGONIA SRL;PF0036070/20X661100;70/2 ELAS RIT PA 66 - MOK ORANGE;KG;96,7400009632111;831,94
NASTRIFICIO ZINGONIA SRL;PF0036070/20X661101;70/2 ELAS RIT PA 66 - BLUETTE UOMO;KG;287,839999437332;2475,42
NASTRIFICIO ZINGONIA SRL;PF0036070/20X661102;70/2 ELAS RIT PA 66 - VERDE PRATO;KG;96,5299994945526;830,16
NASTRIFICIO ZINGONIA SRL;PF0036070/20X661103;70/2 ELAS RIT PA 66 - AVIO CARTA DA ZUCCHERO;KG;99,3499984741211;854,42
NASTRIFICIO ZINGONIA SRL;PF0036070/20X661104;70/2 ELAS RIT PA 66 - BEIGE SAMSONITE;KG;204,85000038147;1761,72
NASTRIFICIO ZINGONIA SRL;PF0036070/20X661106;70/2 ELAS RIT PA 66 - AZZURRO 6;KG;254,099999904633;2185,26
NASTRIFICIO ZINGONIA SRL;PF0036070/20X661107;70/2 ELAS RIT PA 66 - AVIO SCURO BRIKO;KG;194,25000166893;1670,55
NASTRIFICIO ZINGONIA SRL;PF0036070/20X661108;70/2 ELAS RIT PA 66 - VERDE F.L. 2;KG;91,1300001144409;783,74
NASTRIFICIO ZINGONIA SRL;PF0036070/40I660001;70/4 ELAS INT. PA 66 - GREGGIO;KG;504,49999332428;2976,58
NASTRIFICIO ZINGONIA SRL;PF0036070/40I661004;70/4 ELAS INT. PA 66 - NERO;KG;4330,3399990797;39406,39
NASTRIFICIO ZINGONIA SRL;PF0036070/40X660001;70/4 ELAS RIT PA 66 - GREGGIO;KG;1687,34002304077;10118,64
NASTRIFICIO ZINGONIA SRL;PF0036070/40X661004;70/4 ELAS RIT PA 66 - NERO;KG;1515,87999844551;13794,66
NASTRIFICIO ZINGONIA SRL;PF0036100/20X661001;100/2 ELAS RIT PA 66 - CANDIDO;KG;88,5999996066093;841,71
NASTRIFICIO ZINGONIA SRL;PF0036100/20X661004;100/2 ELAS RIT PA 66 - NERO;KG;111,730000495911;1061,47
NASTRIFICIO ZINGONIA SRL;PF003640/2M0X661013;SPLENDOR DTEX 78/2 NY66 - GRIGIO MELANGE;KG;6618,17998170853;80741,75
NASTRIFICIO ZINGONIA SRL;PF003640/2T0X661062;SPLENDOR DTEX 78/2 NY 66 - GRIGIO MEDIO MELANGE;KG;2446,10999536514;28864,03
REMMERT SPA;;;KG;1201,62999725342;-9551,63
REMMERT SPA;;;;;
REMMERT SPA;PF00370156T0X661013;156/1 TACTEL RIT PA 66 - BIANCO;KG;506,630003213882;7194,17
REMMERT SPA;PF00370156T0X661034;156/1 TACTEL RIT PA 66 - NERO;KG;287,699999094009;4085,32
REMMERT SPA;PF00370156T0X661089;156/1 TACTEL RIT PA 66 - BLU P962;KG;59,4399995803833;844,05
REMMERT SPA;PF0037070/20XP60001;70/2 ELAS RIT PA 6 - ;KG;212,040000915527;1293,45
REMMERT SPA;PF0037070/20XP61005;70/2 ELAS RIT PA 6 - NERO;KG;214,28000164032;1821,44
REMMERT SPA;PF0037070/20XP61006;70/2 ELAS RIT PA 6 - CANDIDO;KG;1048,21000123024;8847,75
REMMERT SPA;PF0037070/20XP61008;70/2 ELAS RIT PA 6 - BLU 805;KG;115,420001506805;981,09
REMMERT SPA;PF0037070/20XP61014;70/2 ELAS RIT PA 6 - AZZURRO 304;KG;235,020000219345;1997,73
REMMERT SPA;PF0037070/20XP61016;70/2 ELAS RIT PA 6 - GRIGIO 630;KG;62,3100004196167;529,65
REMMERT SPA;PF0037070/20XP61019;70/2 ELAS RIT PA 6 - BLU 295;KG;98,4799995422363;837,09
REMMERT SPA;PF0037070/20XP61021;70/2 ELAS RIT PA 6 - GRIGIO 534;KG;60,2600002288818;512,24
REMMERT SPA;PF0037070/20XP61024;70/2 ELAS RIT PA 6 - BLU 701;KG;83,9299983978271;713,42
REMMERT SPA;PF0037070/20XP61032;70/2 ELAS RIT PA 6 - GRIGIO 266;KG;337,210000753403;2866,39
REMMERT SPA;PF0037070/20XP61040;70/2 ELAS RIT PA 6 - VERDE 620;KG;57,3399994373322;487,41
REMMERT SPA;PF0037070/20XP61041;70/2 ELAS RIT PA 6 - GRIGIO 270;KG;115,370000362396;980,66
REMMERT SPA;PF0037070/20XP61045;70/2 ELAS RIT PA 6 - AZZURRO 290;KG;57,1999998092651;486,21
REMMERT SPA;PF0037070/20XP61052;70/2 ELAS RIT PA 6 - ROSSO 095;KG;54,5199999809265;463,43
REMMERT SPA;PF0037070/20XP61054;70/2 ELAS RIT PA 6 - AZZURRO 298;KG;53,5599994659424;455,28
REMMERT SPA;PF0037070/20XP61055;70/2 ELAS RIT PA 6 - AMARANTO 711;KG;40,4900012016296;344,17
REMMERT SPA;PF0037070/20XP61058;70/2 ELAS RIT PA 6 - AZZURRO 518;KG;18,1300001144409;154,11
REMMERT SPA;PF0037070/20XP61059;70/2 ELAS RIT PA 6 - MARRONE 542;KG;19,3600001335144;164,57
REMMERT SPA;PF0037070/20XP61061;70/2 ELAS RIT PA 6 - BEIGE 619;KG;17,2800002098083;146,89
REMMERT SPA;PF0037070/20XP61062;70/2 ELAS RIT PA 6 - VERDE 691;KG;21,0199999809265;178,68
REMMERT SPA;PF0037070/20XP61063;70/2 ELAS RIT PA 6 - AZZURRO 709;KG;58,0100002288818;493,11
REMMERT SPA;PF0037070/20XP61064;70/2 ELAS RIT PA 6 - VERDE 278;KG;56,8600006103516;483,33
REMMERT SPA;PF0037070/20XP61067;70/2 ELAS RIT PA 6 - BLU 293;KG;58,6599988937378;498,63
REMMERT SPA;PF0037070/20XP61079;70/2 ELAS RIT PA 6 - CELESTE 627;KG;55,4199995994568;471,09
REMMERT SPA;PF0037070/20XP61080;70/2 ELAS RIT PA 6 - VERDE EZ;KG;34,4000000953674;292,41
REMMERT SPA;PF0037070/20XP61083;70/2 ELAS RIT PA 6 - BLU 294;KG;57,5500016212463;489,19
REMMERT SPA;PF0037070/20XP61084;70/2 ELAS RIT PA 6 - RAME 150;KG;55,569999396801;472,37
REMMERT SPA;PF0037070/20XP61086;70/2 ELAS RIT PA 6 - VERDE 835;KG;23,7800006866455;202,14
REMMERT SPA;PF0037070/20XP61087;70/2 ELAS RIT PA 6 - GRIGIO 508;KG;23,5999999046326;200,61
REMMERT SPA;PF0037070/20XP61090;70/2 ELAS RIT PA 6 - VERDE ZEGNA;KG;36,5;310,26
REMMERT SPA;PF0037070/20XP61092;70/2 ELAS RIT PA 6 - ARANCIO 611;KG;1;30
REMMERT SPA;PF0037070/20XP61093;70/2 ELAS RIT PA 6 - TURCHESE 303;KG;1;30
REMMERT SPA;PF0037070/20XP61094;70/2 ELAS RIT PA 6 - MARRONE 253;KG;1;30
REMMERT SPA;PF0037070/20XP61095;70/2 ELAS RIT PA 6 - MARRONE 254;KG;1;30
REMMERT SPA;PF0037070/20XP61096;70/2 ELAS RIT PA 6 - BEIGE 634;KG;1;30
REMMERT SPA;PF0037070/20XP61097;70/2 ELAS RIT PA 6 - VIOLA 307;KG;1;30
REMMERT SPA;PF0037070/20XP61098;70/2 ELAS RIT PA 6 - VERDE 15-0341;KG;12,789999961853;108,72
REMMERT SPA;PF0037070/20XP61099;70/2 ELAS RIT PA 6 - GRIGIO CHIARO 1001;KG;21,210000038147;180,29
REMMERT SPA;PF0037701700X661037;78/2 MELANGE RITORTO PA 66 - GRIGIO MELANGE 8546;KG;68,6699991226196;666,11
REMMERT SPA;PF0037781820ITP1005;78/18X2 INT. PA6 TINTO PASTA - NERO;KG;110,229999542236;639,34
REMMERT SPA;PF0037786820M661000;78/68/2  RIT 200 GIRI PA 66 MICRO - CANDIDO;KG;213,420001983643;2891,85
REMMERT SPA;PF0037786820M661034;78/68/2  RIT 200 GIRI PA 66 MICRO - NERO;KG;202,630000114441;2745,64
REMMERT SPA;PF0037786820M661055;78/68/2  RIT 200 GIRI PA 66 MICRO - AMARANTO 711;KG;33,0599994659424;447,96
REMMERT SPA;PF0037786820M661060;78/68/2  RIT 200 GIRI PA 66 MICRO - GRIGIO CHIARO 00024;KG;60,9199994802475;825,46
REMMERT SPA;PF0037786820M661088;78/68/2  RIT 200 GIRI PA 66 MICRO - VERDE 732;KG;34,4400005340576;466,66
REMMERT SPA;PF0037786820M661091;78/68/2  RIT 200 GIRI PA 66 MICRO - GRIGIO 1000;KG;64,8699998855591;878,98
REMMERT SPA;PF0037786820X660001;78/68/2 ELAS RITORTO 120 GIRI PA MICRO - GREGGIO;KG;75,2800006866455;745,28
REMMERT SPA;PF0037786820X661000;78/68/2 ELAS RITORTO 150 GIRI PA MICRO - CANDIDO;KG;840,630004167557;9709,28
REMMERT SPA;PF0037786820X661005;78/68/2 ELAS RITORTO 120 GIRI PA MICRO - NERO;KG;1000,70000290871;11558,07
REMMERT SPA;PF0037786820X661008;78/68/2  RIT PA 66 MICRO - BLU 805;KG;125,240001678467;1446,53
REMMERT SPA;PF0037786820X661023;78/68/2  RIT PA 66 MICRO - AVIO 608;KG;24,6900005340576;285,17
REMMERT SPA;PF0037786820X661050;78/68/2  RIT PA 66 MICRO - GRIGIO OMI 91;KG;117,040001869202;1351,8
REMMERT SPA;PF0037786820X661051;78/68/2  RIT PA 66 MICRO - BORDO' OML06;KG;71,2599992752075;407,71
REMMERT SPA;PF0037786820X661053;78/68/2  RIT PA 66 MICRO - VIOLA 243;KG;38,0099997520447;439,01
REMMERT SPA;PF0037786820X661056;78/68/2  RIT PA 66 MICRO - BORDEAUX 241;KG;24,3400001525879;281,12
REMMERT SPA;PF0037786820X661057;78/68/2  RIT PA 66 MICRO - VERDE 830;KG;26,4799995422363;305,85
REMMERT SPA;PF0037786820X661058;78/68/2  RIT PA 66 MICRO - AZZURRO 518;KG;24,1399993896484;278,82
REMMERT SPA;PF0037786820X661059;78/68/2  RIT PA 66 MICRO - MARRONE 542;KG;25,92999958992;299,49
REMMERT SPA;PF0037786820X661060;78/68/2  RIT PA 66 MICRO - GRIGIO CHIARO 00024;KG;107,400000572205;1272,12
REMMERT SPA;PF0037786820X661066;78/68/2 ELAS RITORTO 150 GIRI PA MICRO - GRIGIO SCURO O0024;KG;57,909999370575;668,86
REMMERT SPA;PF0037786820X661068;78/68/2 ELAS RITORTO 150 GIRI PA MICRO - BLU 595;KG;1;30
REMMERT SPA;PF0037786820X661069;78/68/2 ELAS RITORTO 150 GIRI PA MICRO - ROSSO ONA 95;KG;27,1800003051758;332,38
REMMERT SPA;PF0037786820X661070;78/68/2 ELAS RITORTO 150 GIRI PA MICRO - VERDE ONA 95;KG;24,0999999046326;296,8
REMMERT SPA;PF0037786820X661071;78/68/2 ELAS RITORTO 150 GIRI PA MICRO - GRIGIO ONA 95;KG;58,4399995803833;693,44
REMMERT SPA;PF0037786820X661072;78/68/2 ELAS RITORTO 150 GIRI PA MICRO - AZZURRO ONA 95;KG;62,5400009155273;740,8
REMMERT SPA;PF0037786820X661073;78/68/2  RIT PA 66 MICRO - BEIGE ONB00;KG;1;30
REMMERT SPA;PF0037786820X661074;78/68/2  RIT PA 66 MICRO - MARRONE ONB00;KG;1;30
REMMERT SPA;PF0037786820X661075;78/68/2  RIT PA 66 MICRO - GRIGIO CHIARO ONA65;KG;1;30
REMMERT SPA;PF0037786820X661076;78/68/2  RIT PA 66 MICRO - GRIGIO CHIARO ONA 69;KG;33,1699995994568;401,56
REMMERT SPA;PF0037786820X661077;78/68/2  RIT PA 66 MICRO - GRIGIO SCURO ONA65;KG;1;30
REMMERT SPA;PF0037786820X661078;78/68/2  RIT PA 66 MICRO - GRIGIO SCURO ONA69;KG;14,8399998545647;189,85
REMMERT SPA;PF0037786820X661081;78/68/2  RIT PA 66 MICRO - ARANCIO ZEGNA;KG;1;30
REMMERT SPA;PF0037786820X661082;78/68/2  RIT PA 66 MICRO - AZZURRO ZEGNA;KG;1;30
REMMERT SPA;PF0037786820X661085;78/68/2  RIT PA 66 MICRO - GRIGIO 748;KG;121,25;1400,44
REMMERT SPA;PF0037786820Y661034;78/68/2 EL RIT 200 GIRI PA 66 MICRO - NERO;KG;62,5499995946884;847,55
REMMERT SPA;PR00370001;;;0;309,45
SARA SPORTLINE SRL;;;;;
SARA SPORTLINE SRL;PF0039070/20X660001;70/2 ELAS RIT PA 66 - GREGGIO;KG;431,550002098083;3085,59
SARA SPORTLINE SRL;PF0039070/20X661001;70/2 ELAS RIT PA 66 - ROSSO;KG;193,279999256134;1816,85
SARA SPORTLINE SRL;PF0039070/40X661001;70/4 ELAS RIT PA 66 - ROSSO;KG;295,53999710083;2955,4
TONOLI  SRL;;;NR;1;60109,72
TONOLI  SRL;;;;;
TONOLI  SRL;PF0045030/20A660001;30/2 ELAS APE PA 66 - GREGGIO;KG;140,85000038147;760,59
TONOLI  SRL;PF0045040/20X661011;40/2 ELAS RIT PA 66 - NERO;KG;22,7699995040894;245,91
TONOLI  SRL;PF0045040/20X661015;40/2 ELAS RIT PA 66 - DUBARRY;KG;67,8299999237061;732,57
TONOLI  SRL;PF0045040/20X661016;40/2 ELAS RIT PA 66 - PICASSO;KG;75,0799996256828;810,87
TONOLI  SRL;PF0045040/20X661017;40/2 ELAS RIT PA 66 - CARMINE;KG;24,2600002288818;262
TONOLI  SRL;PF0045040/20X661018;40/2 ELAS RIT PA 66 - GULL;KG;19,3400001525879;208,87
TONOLI  SRL;PF0045040/20X661019;40/2 ELAS RIT PA 66 - MISTERIOSO;KG;28,9300004243851;312,45
TONOLI  SRL;PF0045040/20X661020;40/2 ELAS RIT PA 66 - CERAMICO;KG;17,0800004005432;184,46
TONOLI  SRL;PF0045070/10AP60001;70/1 ELAS APE PA 6 - ;KG;49,9499988555908;209,79
TONOLI  SRL;PF0045781820ITP1021;78/18X2 INT. PA6 TINTO PASTA - GRIGIO MEDIO 1022;KG;46,7199993133545;247,62
TONOLI  SRL;PF0045786820X660001;78/68/2 ELAS PA MICRO - GREGGIO;KG;8,68000030517578;52,08
EUROLAST SRL;;;;;
EUROLAST SRL;PF0068404010A661002;40/40/1 ELAS APE PA 66 - LIME 2075;KG;38,7100011110306;727,75
EUROLAST SRL;PF0068786810A661000;78/68/1 ELAS APE PA 66 - FUSION CORAL 161543;KG;79,6699990034103;924,15
EUROLAST SRL;PF0068786810A661001;78/68/1 ELAS APE PA 66 - VIOLA 183633;KG;127,499999642372;1479,03
TEA SRL;;;;;
TEA SRL;PF0073070/20X661000;70/2 ELAS RIT PA 66 - BLEU 044;KG;78,6400003433228;754,94
TEA SRL;PF0073100/20X660001;100/2 ELAS RIT PA 66 - ;KG;256,269997119904;1963,64
TEA SRL;PF0073100/20X661005;100/2 ELAS RIT PA 66 - BEIGE CAMPIONE;KG;27,4700006246567;263,71
CALZIFICIO PUNTO SRL;;;KG;11,1999998092651;-159,04
CALZIFICIO PUNTO SRL;;;;;
CALZIFICIO PUNTO SRL;PF0074040/20X661004;40/2 ELAS RIT PA 66 - OMBRA;KG;56,2200005054474;714
CALZIFICIO PUNTO SRL;PF0074040/20X661012;40/2 ELAS RIT PA 66 - BLU;KG;606,480002164841;7702,3
CALZIFICIO PUNTO SRL;PF0074040/20X661019;40/2 ELAS RIT PA 66 - NERO;KG;481,379999637604;6113,56
CALZIFICIO PUNTO SRL;PF0074040/20X661020;40/2 ELAS RIT PA 66 - ANTRACITE;KG;122,560001373291;1556,52
CALZIFICIO PUNTO SRL;PF0074040/20X661021;40/2 ELAS RIT PA 66 - FUME;KG;51,4200000762939;653,03
CALZIFICIO PUNTO SRL;PF0074040/20X661048;40/2 ELAS RIT PA 66 - TOPO;KG;30,8699998855591;392,05
CALZIFICIO PUNTO SRL;PF0074040/20X661049;40/2 ELAS RIT PA 66 - NAVY;KG;31,2599992752075;397
CALZIFICIO PUNTO SRL;PF0074040/20X661056;40/2 ELAS RIT PA 66 - COMETA;KG;65,3300008773804;829,7
CALZIFICIO PUNTO SRL;PF0074040/20X661070;40/2 ELAS RIT PA 66 - GRIGIO CHIARO;KG;29,5500007867813;375,29
CALZIFICIO PUNTO SRL;PF0074040/20X661081;40/2 ELAS RIT PA 66 - GRIGIO 10;KG;31,9199991226196;405,38
CALZIFICIO PUNTO SRL;PF0074040/20X661086;40/2 ELAS RIT PA 66 - ROSSO MEL;KG;31,1400010585785;395,49
CALZIFICIO PUNTO SRL;PF0074040/20X661093;40/2 ELAS RIT PA 66 - MOKA;KG;33,5100002288818;425,58
CALZIFICIO PUNTO SRL;PF0074040/20X661095;40/2 ELAS RIT PA 66 - GRIGIO MEDIO;KG;30,4199999570847;386,33
CALZIFICIO PUNTO SRL;PF0074040/20X661096;40/2 ELAS RIT PA 66 - MARINS;KG;27,3800003528595;347,73
CALZIFICIO PUNTO SRL;PF0074040/20X661098;40/2 ELAS RIT PA 66 - RUBINO;KG;18,8999996185303;240,03
CALZIFICIO PUNTO SRL;PF0074070/20X661012;70/2 ELAS RIT PA 66 - BLU;KG;118,020000457764;1073,99
CALZIFICIO PUNTO SRL;PF0074070/20X661019;70/2 ELAS RIT PA 66 - NERO;KG;248,820000886917;2264,28
CALZIFICIO PUNTO SRL;PF0074070/20X661020;70/2 ELAS RIT PA 66 - ANTRACITE;KG;101,580000638962;924,38
CALZIFICIO PUNTO SRL;PF0074070/20X661049;70/2 ELAS RIT PA 66 - NAVY;KG;30,4400005340576;277
CALZIFICIO PUNTO SRL;PF0074070/20X661073;70/2 ELAS RIT PA 66 - SABBIA;KG;29,6599998474121;269,91
CALZIFICIO PUNTO SRL;PF0074070/20X661079;70/2 ELAS RIT PA 66 - ADRIATICO;KG;30,7300004959106;279,65
CALZIFICIO PUNTO SRL;PF0074070/20X661098;70/2 ELAS RIT PA 66 - RUBINO;KG;8,39999961853027;76,44
CALZIFICIO PUNTO SRL;PF0074563410S661001;56/34/1 FLEXY RIT SIN PA 66 - COLLEGE;KG;330,669998764992;4827,79
CALZIFICIO PUNTO SRL;PF0074563410S661008;56/34/1 FLEXY RIT SIN PA 66 - NERO;KG;335,050001859665;4891,73
CALZIFICIO PUNTO SRL;PF0074563410S661009;56/34/1 FLEXY RIT SIN PA 66 - CANDIDO;KG;70,6500000953674;1031,49
CALZIFICIO PUNTO SRL;PF0074563410S661011;56/34/1 FLEXY RIT SIN PA 66 - ANTRACITE;KG;81,0500001907349;1183,33
CALZIFICIO PUNTO SRL;PF0074563410S661013;56/34/1 FLEXY RIT SIN PA 66 - LAMA;KG;114,350000143051;1669,52
CALZIFICIO PUNTO SRL;PF0074563410S661033;56/34/1 FLEXY RIT SIN PA 66 - FUME';KG;50,5799999237061;738,47
CALZIFICIO PUNTO SRL;PF0074563410S661035;56/34/1 FLEXY RIT SIN PA 66 - CASPIO;KG;58,4300009012222;853,07
CALZIFICIO PUNTO SRL;PF0074563410S661040;56/34/1 FLEXY RIT SIN PA 66 - OCEANO;KG;31,0900001525879;453,92
CALZIFICIO PUNTO SRL;PF0074563410S661041;56/34/1 FLEXY RIT SIN PA 66 - FUXIA;KG;32,5200004577637;474,79
CALZIFICIO PUNTO SRL;PF0074563410S661043;56/34/1 FLEXY RIT SIN PA 66 - GRIGIO 7;KG;36,0900001525879;526,92
CALZIFICIO PUNTO SRL;PF0074563410S661044;56/34/1 FLEXY RIT SIN PA 66 - JEANS NUOVO;KG;31,0199995040894;452,89
CALZIFICIO PUNTO SRL;PF0074563410S661048;56/34/1 FLEXY RIT SIN PA 66 - TOPO;KG;96,9500007629395;1415,47
CALZIFICIO PUNTO SRL;PF0074563410S661097;56/34/1 FLEXY RIT SIN PA 66 - ARANCIO;KG;31,0899999141693;453,92
CALZIFICIO PUNTO SRL;PF0074784610XTC1000;78/46/1 ELAS RITORTO - CANDIDO;KG;123,129999637604;1748,45
CALZIFICIO PUNTO SRL;PF0074784610XTC1001;78/46/1 ELAS RIT TACTEL - COLLEGE;KG;409,249999642372;5811,38
CALZIFICIO PUNTO SRL;PF0074784610XTC1013;78/46/1 ELAS RIT TACTEL - LAMA;KG;26,1199998855591;370,91
CALZIFICIO PUNTO SRL;PF0074784610XTC1014;78/46/1 ELAS RITORTO  - NERO;KG;546,919996380806;7766,25
CALZIFICIO PUNTO SRL;PF0074784610XTC1015;78/46/1 ELAS RIT TACTEL - FUME;KG;219,819999456406;3121,43
CALZIFICIO PUNTO SRL;PF0074784610XTC1016;78/46/1 ELAS RIT TACTEL - MARRONE;KG;60,4700000286102;858,68
CALZIFICIO PUNTO SRL;PF0074784610XTC1017;78/46/1 ELAS RIT TACTEL - ANTRACITE;KG;47,5;674,5
CALZIFICIO PUNTO SRL;PF0074784610XTC1018;78/46/1 ELAS RIT TACTEL - PINO;KG;27,8599996566772;395,61
CALZIFICIO PUNTO SRL;PF0074784610XTC1029;78/46/1 ELAS RIT TACTEL - GHIAIA;KG;47,5699996948242;675,49
CALZIFICIO PUNTO SRL;PF0074784610XTC1035;78/46/1 ELAS RIT TACTEL - CASPIO;KG;25,6099991798401;363,67
CALZIFICIO PUNTO SRL;PF0074784610XTC1045;78/46/1 ELAS RIT TACTEL - ACCIAIO;KG;55,3699994087219;786,25
CALZIFICIO PUNTO SRL;PF0074784610XTC1058;78/46/1 ELAS RIT TACTEL - DOSSIER;KG;59,9099996089935;850,72
CALZIFICIO PUNTO SRL;PF0074784610XTC1060;78/46/1 ELAS RIT TACTEL - BORDO';KG;30,3800001144409;431,4
CALZIFICIO PUNTO SRL;PF0074784610XTC1074;78/46/1 ELAS RIT TACTEL - VANILLA;KG;26,5399994850159;376,87
CALZIFICIO PUNTO SRL;PF0074784610XTC1092;78/46/1 ELAS RIT TACTEL - GREEN;KG;30,1300005912781;427,85
VEGAS Srl;;;;;
VEGAS Srl;PF00780CAMP0ILP1000;CAMPIONATURA INT. LYCRA+PA 66 - NERO;KG;1;100
VEGAS Srl;PF007844/340XTC1001;44/34/2 ELAS RIT TACTEL - ACCIAIO E63;KG;285,599998831749;4284
VEGAS Srl;PF007844/340XTC1003;44/34/2 ELAS RIT TACTEL - E12 NAVY;KG;32,7700009346008;491,55
VEGAS Srl;PF007844/340XTC1008;44/34/2 ELAS RIT TACTEL - E85 AMETISTA;KG;68,0600011348724;1020,9
VEGAS Srl;PF007844/340XTC1012;44/34/2 ELAS RIT TACTEL - E1 BIANCO CANDIDO;KG;28,0399990081787;420,6
CGM SRL;;;;;
CGM SRL;PF0080040/10A661002;40/1 ELAS APE PA 66 - BEIGE A CAMPIONE;KG;4,3899998664856;52,68
CGM SRL;PF0080070/10A661002;70/1 ELAS APE PA 66 - BEIGE A CAMPIONE;KG;4,3899998664856;44,34
CGM SRL;PF0080443410A661002;44/34/1 ELAS APE PA 66 - BEIGE A CAMPIONE;KG;4,34999990463257;65,25
Filati  Elastici Maghina Snc di Tomaselli G. e E.;;;;;
Filati  Elastici Maghina Snc di Tomaselli G. e E.;PF0098070/10A661002;70/1 ELAS APE PA 66 - 13 MARINA;KG;1216,91000163555;9952,62
Filati  Elastici Maghina Snc di Tomaselli G. e E.;PF0098070/10A661005;70/1 ELAS APE PA 66 - NERO 07;KG;769,560000061989;6519,06
Filati  Elastici Maghina Snc di Tomaselli G. e E.;PF0098070/10A661006;70/1 ELAS APE PA 66 - TESTA MORO 28;KG;212,779997229576;1801,83
Filati  Elastici Maghina Snc di Tomaselli G. e E.;PF0098070/10A661007;70/1 ELAS APE PA 66 - PISTACCHIO 57;KG;51,849999666214;445,92
Filati  Elastici Maghina Snc di Tomaselli G. e E.;PF0098070/10A661009;70/1 ELAS APE PA 66 - ANTRACITE/GRIGIO 06;KG;240,309998035431;2039,78
Filati  Elastici Maghina Snc di Tomaselli G. e E.;PF0098070/10A661011;70/1 ELAS APE PA 66 - ROSSO 16;KG;121,019999742508;1040,79
Filati  Elastici Maghina Snc di Tomaselli G. e E.;PF0098070/10A661012;70/1 ELAS APE PA 66 - GRIGIO 03;KG;112,040000200272;963,54
Filati  Elastici Maghina Snc di Tomaselli G. e E.;PF0098070/10A661013;70/1 ELAS APE PA 66 - ROSA BABY 23;KG;110,889999389648;925,94
Filati  Elastici Maghina Snc di Tomaselli G. e E.;PF0098070/10A661014;70/1 ELAS APE PA 66 - 65 BLU CHIARO;KG;328,240000009537;2782,52
Filati  Elastici Maghina Snc di Tomaselli G. e E.;PF0098070/10A661015;70/1 ELAS APE PA 66 - CORDA 20;KG;50,6099996566772;435,25
Filati  Elastici Maghina Snc di Tomaselli G. e E.;PF0098070/10A661017;70/1 ELAS APE PA 66 - VERDE 33;KG;49,9799995422363;429,83
Filati  Elastici Maghina Snc di Tomaselli G. e E.;PF0098070/10A661018;70/1 ELAS APE PA 66 - VERDE 31;KG;22,5199993848801;193,67
Filati  Elastici Maghina Snc di Tomaselli G. e E.;PF0098070/10A661023;70/1 ELAS APE PA 66 - GRIGIO 04;KG;534,869999051094;4553,59
Filati  Elastici Maghina Snc di Tomaselli G. e E.;PF0098070/10A661024;70/1 ELAS APE PA 66 - 11 AVIO;KG;215,620000839233;1800,44
Filati  Elastici Maghina Snc di Tomaselli G. e E.;PF0098070/10A661027;70/1 ELAS APE PA 66 - GRANATA 55;KG;213,009999752045;1806,49
Filati  Elastici Maghina Snc di Tomaselli G. e E.;PF0098070/10A661028;70/1 ELAS APE PA 66 - BORDO' 17;KG;324,469998717308;2709,79
Filati  Elastici Maghina Snc di Tomaselli G. e E.;PF0098070/10A661034;70/1 ELAS APE PA 66 - CORDA 21;KG;211,329998970032;1813,68
Filati  Elastici Maghina Snc di Tomaselli G. e E.;PF0098070/10A661039;70/1 ELAS APE PA 66 - VERDE ACQUA 61;KG;50,2500004768372;432,14
Filati  Elastici Maghina Snc di Tomaselli G. e E.;PF0098070/10A661040;70/1 ELAS APE PA 66 - MARRONE 102;KG;214,130001068115;1841,49
Filati  Elastici Maghina Snc di Tomaselli G. e E.;PF0098070/10A661041;70/1 ELAS APE PA 66 - 12 ROYAL;KG;331,190001010895;2832,12
Filati  Elastici Maghina Snc di Tomaselli G. e E.;PF0098070/10A661044;70/1 ELAS APE PA 66 - ROSACARICO 14;KG;52,3900003433228;450,55
Filati  Elastici Maghina Snc di Tomaselli G. e E.;PF0098070/10A661045;70/1 ELAS APE PA 66 - FUXIA 40;KG;220,440000534058;1857,75
Filati  Elastici Maghina Snc di Tomaselli G. e E.;PF0098070/10A661046;70/1 ELAS APE PA 66 - SABBIA 24;KG;98,1100006103516;819,22
Filati  Elastici Maghina Snc di Tomaselli G. e E.;PF0098070/10A661049;70/1 ELAS APE PA 66 - 53 OCEANO;KG;109,420000553131;941,01
Filati  Elastici Maghina Snc di Tomaselli G. e E.;PF0098070/10A661050;70/1 ELAS APE PA 66 - 10 AZZURRO;KG;50,6900010108948;435,94
Filati  Elastici Maghina Snc di Tomaselli G. e E.;PF0098070/10A661056;70/1 ELAS APE PA 66 - FUXIA 44;KG;51,7799987792969;445,31
Filati  Elastici Maghina Snc di Tomaselli G. e E.;PF0098070/10A661059;70/1 ELAS APE PA 66 - 39 TURCHESE;KG;31,3699998855591;261,94
Filati  Elastici Maghina Snc di Tomaselli G. e E.;PF0098070/10A661060;70/1 ELAS APE PA 66 - 48 RANGER;KG;118,570000648499;990,06
Filati  Elastici Maghina Snc di Tomaselli G. e E.;PF0098070/10A661061;70/1 ELAS APE PA 66 - 15 ARANCIO;KG;57,8599996566772;483,14
Filati  Elastici Maghina Snc di Tomaselli G. e E.;PF0098070/10A661063;70/1 ELAS APE PA 66 - 43 VERDE;KG;57,4299998283386;479,54
Filati  Elastici Maghina Snc di Tomaselli G. e E.;PF0098070/10A661064;70/1 ELAS APE PA 66 - 71 ROSA CONFETTO;KG;22,6000003814697;194,36
Filati  Elastici Maghina Snc di Tomaselli G. e E.;PF0098070/10A661065;70/1 ELAS APE PA 66 - GIALLO FLUO 62;KG;1,26999998092651;10,6
Filati  Elastici Maghina Snc di Tomaselli G. e E.;PF0098070/10A661066;70/1 ELAS APE PA 66 - 32 VERDE;KG;53,729998588562;448,65
Filati  Elastici Maghina Snc di Tomaselli G. e E.;PF0098100/10X661002;100/1 ELAS RIT PA 66 - 13 MARINA;KG;486,929999351501;4357,52
Filati  Elastici Maghina Snc di Tomaselli G. e E.;PF0098100/10X661005;100/1 ELAS RIT PA 66 - NERO 07;KG;871,129994511604;7821,64
Filati  Elastici Maghina Snc di Tomaselli G. e E.;PF0098100/10X661006;100/1 ELAS RIT PA 66 - TESTA MORO 28;KG;137,750001072884;1221,25
Filati  Elastici Maghina Snc di Tomaselli G. e E.;PF0098100/10X661009;100/1 ELAS RIT PA 66 - ANTRACITE/GRIGIO 06;KG;277,549999237061;2450,56
Filati  Elastici Maghina Snc di Tomaselli G. e E.;PF0098100/10X661010;100/1 ELAS RIT PA 66 - 02 CANDIDO;KG;83,8199996948242;733,41
Filati  Elastici Maghina Snc di Tomaselli G. e E.;PF0098100/10X661011;100/1 ELAS RIT PA 66 - ROSSO 16;KG;189,960000991821;1709,64
Filati  Elastici Maghina Snc di Tomaselli G. e E.;PF0098100/10X661012;100/1 ELAS RIT PA 66 - GRIGIO 03;KG;47,6800012588501;429,12
Filati  Elastici Maghina Snc di Tomaselli G. e E.;PF0098100/10X661013;100/1 ELAS RIT PA 66 - ROSA BABY 23;KG;50,5199990272522;454,68
Filati  Elastici Maghina Snc di Tomaselli G. e E.;PF0098100/10X661020;100/1 ELAS RIT PA 66 - BORDEAUX 17;KG;84,0299994945526;756,27
Filati  Elastici Maghina Snc di Tomaselli G. e E.;PF0098100/10X661022;100/1 ELAS RIT PA 66 - GRIGIO M 2012;KG;285,799996852875;2536,77
Filati  Elastici Maghina Snc di Tomaselli G. e E.;PF0098100/10X661023;100/1 ELAS RIT PA 66 - GRIGIO 04;KG;146,699997186661;1283,63
Filati  Elastici Maghina Snc di Tomaselli G. e E.;PF0098100/10X661024;100/1 ELAS RIT PA 66 - 11 AVIO;KG;53,6999983787537;483,3
Filati  Elastici Maghina Snc di Tomaselli G. e E.;PF0098100/10X661026;100/1 ELAS RIT PA 66 - NOCE 37;KG;48,0900001525879;432,81
Filati  Elastici Maghina Snc di Tomaselli G. e E.;PF0098100/10X661033;100/1 ELAS RIT PA 66 - 08 PERVINCA;KG;47,8099992275238;418,34
Filati  Elastici Maghina Snc di Tomaselli G. e E.;PF0098100/10X661041;100/1 ELAS RIT PA 66 - 12 ROYAL;KG;51,1200008392334;460,08
Filati  Elastici Maghina Snc di Tomaselli G. e E.;PF0098100/10X661045;100/1 ELAS RIT PA 66 - FUXIA 40;KG;34,7000005245209;303,63
Filati  Elastici Maghina Snc di Tomaselli G. e E.;PF0098100/10X661046;100/1 ELAS RIT PA 66 - SABBIA 24;KG;92,7000007629395;811,13
Filati  Elastici Maghina Snc di Tomaselli G. e E.;PF0098100/10X661049;100/1 ELAS RIT PA 66 - 53 OCEANO;KG;49,199999332428;442,8
MAB SPA;;;KG;138,929992675781;-1278,16
MAB SPA;;;;;
MAB SPA;PF0101040/20X661008;40/2 ELAS RIT PA 66 - NERO A CAMPIONE;KG;174,559999227524;2007,44
MAB SPA;PF0101040/20XP61007;40/2 ELAS RIT PA 6 - GRIGIO 602;KG;21,3099999427795;226,95
MAB SPA;PF0101070/20X661001;78/2 ELAS RITORTO PA 66 - NOCE 119;KG;141,800000667572;1418
MAB SPA;PF0101070/20XP61006;70/2 ELAS RIT PA 6 - ROSSO E 34;KG;264,660004615784;2434,87
MAB SPA;PF010144/340XTC1004;44/34/2 ELAS RIT TACTEL - CANDIDO;KG;49,3700003623962;730,68
MAB SPA;PF010144/340XTC1005;44/34/2 ELAS RIT TACTEL - GIALLO FLUO;KG;68,3199996948242;1011,14
STORI B. & C. SRL;;;;;
STORI B. & C. SRL;PF0102040/20X660001;40/2 ELAS RIT PA 66 - GREGGIO;KG;10,4499998092651;126,97
STORI B. & C. SRL;PF0102040/20X661017;40/2 ELAS RIT PA 66 - ATLANTICO B1;KG;10,75;172
STORI B. & C. SRL;PF0102040/20X661028;40/2 ELAS RIT PA 66 - P1 GRIGIO CHIARO;KG;6,23000001907349;99,68
STORI B. & C. SRL;PF0102070/20X661000;70/2 ELAS RIT PA 66 - BIANCO X0;KG;29,6500000953674;394,35
STORI B. & C. SRL;PF0102070/20X661007;70/2 ELAS RIT PA 66 - NATURALE K0;KG;29,3699996471405;390,63
STORI B. & C. SRL;PF0102070/20X661010;70/2 ELAS RIT PA 66 - CORDA K1;KG;30,5999994277954;406,98
STORI B. & C. SRL;PF0102070/20X661017;70/2 ELAS RIT PA 66 - ATLANTICO B1;KG;20,5799999237061;273,72
STORI B. & C. SRL;PF0102070/20X661028;70/2 ELAS RIT PA 66 - P1 GRIGIO CHIARO;KG;17,1799998283386;228,5
STORI B. & C. SRL;PF0102100/20X661028;100/2 ELAS RIT PA 66 - P1 GRIGIO CHIARO;KG;6,90999984741211;69,79
STORI B. & C. SRL;PF0102443410X661000;44/34/1 ELAS RIT PA 66 - BIANCO X0;KG;238,55999994278;3327,94
STORI B. & C. SRL;PF0102443410X661003;44/34/1 ELAS RIT PA 66 - N9 NERO;KG;152,159998893738;2122,64
STORI B. & C. SRL;PF0102443410X661009;44/34/1 ELAS RIT PA 66 - PIOMBO N8;KG;47,8499991893768;667,5
STORI B. & C. SRL;PF0102443410X661021;44/34/1 ELAS RIT PA 66 - ROSSO S0;KG;29,6699994802475;413,9
STORI B. & C. SRL;PF0102443410X661025;44/34/1 ELAS RIT PA 66 - S9 BORDEAUX;KG;31,6099996566772;440,95
STORI B. & C. SRL;PF0102443410X661027;44/34/1 ELAS RIT PA 66 - P0 ALLUMINIO;KG;14,4899997711182;202,14
STORI B. & C. SRL;PF0102443410X661028;44/34/1 ELAS RIT PA 66 - P1 GRIGIO CHIARO;KG;13,210000038147;184,28
STORI B. & C. SRL;PR01020004;;;0;60
COTTONTEX SRL;;;;;
COTTONTEX SRL;PF0117100/20D661000;100/2 ELAS CUC 10000 PA 66 - BIANCO;KG;37,590000629425;780
COTTONTEX SRL;PF0117100/20D661008;100/2 ELAS CUC 10000 PA 66 - NERO;KG;181,55999994278;3775,2
ILUNA GROUP SRL;;;;;
ILUNA GROUP SRL;PF0119100/20D661000;100/2 ELAS CUC 10000 PA 66 - A107/A50 WHITE;KG;307,339999437332;6121,6
ILUNA GROUP SRL;PF0119100/20D661001;100/2 ELAS CUC 10000 PA 66 - NERO VS CC;KG;41,0100002288818;840,2
ILUNA GROUP SRL;PF0119100/20D661004;100/2 ELAS CUC 10000 PA 66 - NUDE N175 D89;KG;15,1800000667572;284,7
ILUNA GROUP SRL;PF0119100/20D661010;100/2 ELAS CUC 10000 PA 66 - BLUE DE MINUIT;KG;16,9800007343292;333
ILUNA GROUP SRL;PF0119100/20D661011;100/2 ELAS CUC 10000 PA 66 - ROSE POUDRE;KG;16,8099999427795;344,7
ILUNA GROUP SRL;PF0119100/20D661012;100/2 ELAS CUC 10000 PA 66 - SCALLOP PINK S 564;KG;11,9800000190735;234
ILUNA GROUP SRL;PF0119100/20D661013;100/2 ELAS CUC 10000 PA 66 - VISION N244;KG;1;30
ILUNA GROUP SRL;PF0119100/20D661014;100/2 ELAS CUC 10000 PA 66 - RUBIS X254;KG;1;30
ILUNA GROUP SRL;PF0119100/20D661015;100/2 ELAS CUC 10000 PA 66 - PUSSIERE L192;KG;1;30
ILUNA GROUP SRL;PF0119100/20D661016;100/2 ELAS CUC 10000 PA 66 - BLUE B48;KG;43,5800001621246;801,4
ILUNA GROUP SRL;PF0119100/20D661017;100/2 ELAS CUC 10000 PA 66 - H149 SKIN;KG;17,3999996185303;334
GENESI SRL;;;;;
GENESI SRL;PF0121100/20D661005;100/2 ELAS CUC 10000 PA 66 - COD. 325;KG;17,0300000905991;333,75
GENESI SRL;PF0121100/20D661010;100/2 ELAS CUC 10000 PA 66 - COD. 0003 NERO;KG;350,389997005463;6686,25
GENESI SRL;PF0121100/20D661011;100/2 ELAS CUC 10000 PA 66 - 0002 BIANCO CANDIDO OTTICO;KG;274,450000345707;5298,75
GENESI SRL;PF0121100/20D661028;100/2 ELAS CUC 10000 PA 66 - BIANCO LATTE;KG;15,5199997425079;288,75
GENESI SRL;PF0121100/20D661052;100/2 ELAS CUC 10000 PA 66 - COD. 1333;KG;15,0099999904633;281,25
GENESI SRL;PF0121100/20D661087;100/2 ELAS CUC 10000 PA 66 - COD. 320;KG;15,1099998354912;318,75
GENESI SRL;PF0121100/20D661097;100/2 ELAS CUC 10000 PA 66 - COD. 844;KG;74,9199997782707;1440
GENESI SRL;PF0121100/20D661106;100/2 ELAS CUC 10000 PA 66 - COD. 890;KG;14,1900000572205;273,75
GENESI SRL;PF0121100/20D661108;100/2 ELAS CUC 10000 PA 66 - COD. 1409 ROSA FLUO;KG;12,6799998283386;251,25
GENESI SRL;PF0121100/20D661109;100/2 ELAS CUC 10000 PA 66 - COD. 1416 GERMOGLIO;KG;1;90
GENESI SRL;PF0121100/20D661113;100/2 ELAS CUC 10000 PA 66 - COD.902;KG;19,3599998950958;367,5
GENESI SRL;PF0121100/20D661114;100/2 ELAS CUC 10000 PA 66 - COD. 627;KG;13,5600001811981;262,5
GENESI SRL;PF0121100/20D661115;100/2 ELAS CUC 10000 PA 66 - COD. 686;KG;12,6599998474121;228,75
GENESI SRL;PF0121100/20D661116;100/2 ELAS CUC 10000 PA 66 - COD. 618;KG;11,5499999523163;217,5
GENESI SRL;PF0121100/20D661117;100/2 ELAS CUC 10000 PA 66 - COD. 1125 ASFALTO;KG;24,7600004673004;453,75
GENESI SRL;PF0121100/20D661118;100/2 ELAS CUC 10000 PA 66 - COD. 954;KG;13,3599998950958;285
GENESI SRL;PF0121100/20D661119;100/2 ELAS CUC 10000 PA 66 - COD. 1481 OPALE;KG;12,8600003123283;243,75
GENESI SRL;PF0121100/20D661120;100/2 ELAS CUC 10000 PA 66 - COD. 331;KG;12,8399999141693;243,75
MANIFATTURA SVIZZERA MAGL. SAS di Canova P. & C.;;;;;
MANIFATTURA SVIZZERA MAGL. SAS di Canova P. & C.;PF0122100/20X661000;100/2 ELAS RIT PA 66 - BEIGE 826;KG;98,3700003623962;934,55
MANIFATTURA SVIZZERA MAGL. SAS di Canova P. & C.;PF0122100/20X661001;100/2 ELAS RIT PA 66 - BIANCO OTTICO;KG;210,930003166199;2003,88
MANIFATTURA SVIZZERA MAGL. SAS di Canova P. & C.;PF0122100/20X661002;100/2 ELAS RIT PA 66 - NERO;KG;39,6900005340576;377,07
(NON USARE) - MEGADYNE SPA ;;;;;
(NON USARE) - MEGADYNE SPA ;PF0126060/20X661000;60/2 ELAS RIT PA 66 - ARANCIO;KG;674,540000915527;7082,91
VALCUVIA SRL;;;;;
VALCUVIA SRL;PF0127100/20X661015;100/2 ELAS RIT PA 66 - COD. BCO 2;KG;34,5400004386902;334,34
VALCUVIA SRL;PF0127100/20X661016;100/2 ELAS RIT PA 66 - COD. 1831;KG;15,1199997663498;146,36
VALCUVIA SRL;PF0127100/20X661017;100/2 ELAS RIT PA 66 - COD. 907;KG;15,5299997329712;150,33
VALCUVIA SRL;PF0127100/20X661018;100/2 ELAS RIT PA 66 - COD. 891 SKY BLUE;KG;31,0399996042252;300,47
POMPEA SPA;;;;;
POMPEA SPA;PF0128040/20X660001;40/2 ELAS RIT PA 66 - GREGGIO;KG;1472,14999341965;12071,64
POMPEA SPA;PF0128070/20X661077;70/2 ELAS RIT PA 66 - COD. 834 CLARO;KG;31,190000295639;286,95
POMPEA SPA;PF0128070/20X661078;70/2 ELAS RIT PA 66 - COD. 737 NATURALE;KG;46,9699990749359;432,12
POMPEA SPA;PF0128070/20X661079;70/2 ELAS RIT PA 66 - COD. 007 MIELE;KG;16,8499999046326;155,02
POMPEA SPA;PF0128070/20X661081;70/2 ELAS RIT PA 66 - COD. 036 MARRONE;KG;35,4100003242493;325,77
POMPEA SPA;PF0128070/20X661087;70/2 ELAS RIT PA 66 - COD. 900 CAMMELLO;KG;16,0900001525879;148,02
POMPEA SPA;PF0128100/20D661000;100/2 ELAS CUC 10000 PA 66 - CAFFE' COD. 957;KG;31,0299987792969;462,35
POMPEA SPA;PF0128100/20D661001;100/2 ELAS CUC 10000 PA 66 - COD. 882 ;KG;18,5299999713898;274,24
POMPEA SPA;PF0128100/20D661003;100/2 ELAS CUC 10000 PA 66 - COD. 917 OTTANIO;KG;34,58000010252;515,24
POMPEA SPA;PF0128100/20D661004;100/2 ELAS CUC 10000 PA 66 - COD. 322 GRIGIO;KG;21,0699999332428;311,83
POMPEA SPA;PF0128100/20D661007;100/2 ELAS CUC 10000 PA 66 - COD. 320 MINERAL;KG;65,7400000095367;979,52
POMPEA SPA;PF0128100/20D661017;100/2 ELAS CUC 10000 PA 66 - COD. 3012;KG;211,940001010895;3150,91
POMPEA SPA;PF0128100/20D661027;100/2 ELAS CUC 10000 PA 66 - BS097 - COD. 1333;KG;99,4299999475479;1479,98
POMPEA SPA;PF0128100/20D661028;100/2 ELAS CUC 10000 PA 66 - COD. 1332 BLU;KG;68,9300004839897;1025,45
POMPEA SPA;PF0128100/20D661033;100/2 ELAS CUC 10000 PA 66 - COD. 627;KG;152,240000367165;2266,46
POMPEA SPA;PF0128100/20D661035;100/2 ELAS CUC 10000 PA 66 - COD. 61 AZZURRO;KG;15,0900003910065;224,84
POMPEA SPA;PF0128100/20D661037;100/2 ELAS CUC 10000 PA 66 - COD. 1997 ROSA;KG;38,7400002479553;575,73
POMPEA SPA;PF0128100/20D661040;100/2 ELAS CUC 10000 PA 66 - COD. 793;KG;99,2099997997284;1475,46
POMPEA SPA;PF0128100/20D661042;100/2 ELAS CUC 10000 PA 66 - COD. 521 OTTANIO 4522;KG;16,6200003623962;247,63
POMPEA SPA;PF0128100/20D661048;100/2 ELAS CUC 10000 PA 66 - COD. 302 ROSSO;KG;13,7699999809265;205,18
POMPEA SPA;PF0128100/20D661052;100/2 ELAS CUC 10000 PA 66 - COD. 897 BLU;KG;43,6799999475479;647,88
POMPEA SPA;PF0128100/20D661057;100/2 ELAS CUC 10000 PA 66 - COD. 3032 PRUGNA;KG;14,2999999523163;213,06
POMPEA SPA;PF0128100/20D661060;100/2 ELAS CUC 10000 PA 66 - COD. 576;KG;112,709999918938;1679,35
POMPEA SPA;PF0128100/20D661061;100/2 ELAS CUC 10000 PA 66 - COD. 001 POMICE;KG;15,1200000047684;223,78
POMPEA SPA;PF0128100/20D661066;100/2 ELAS CUC 10000 PA 66 - COD. 808;KG;45,2300000190735;670,84
POMPEA SPA;PF0128100/20D661067;100/2 ELAS CUC 10000 PA 66 - COD. 816;KG;13,0400002002716;194,3
POMPEA SPA;PF0128100/20D661082;100/2 ELAS CUC 10000 PA 66 - COD. 325;KG;122,10000038147;1819,28
POMPEA SPA;PF0128100/20D661083;100/2 ELAS CUC 10000 PA 66 - COD. 070 GIALLO;KG;14,6400001049042;216,68
POMPEA SPA;PF0128100/20D661084;100/2 ELAS CUC 10000 PA 66 - COD. 996 LATTE-MENTA;KG;30,1200003623962;447,27
POMPEA SPA;PF0128100/20D661085;100/2 ELAS CUC 10000 PA 66 - COD. 731 PINK;KG;13,3300002813339;197,28
POMPEA SPA;PF0128100/20D661088;100/2 ELAS CUC 10000 PA 66 - COD. 1930 CORAL;KG;46,460000038147;689,15
POMPEA SPA;PF0128100/20D661089;100/2 ELAS CUC 10000 PA 66 - COD. 2068 MENTA;KG;14,67999958992;218,73
POMPEA SPA;PF0128100/20D661090;100/2 ELAS CUC 10000 PA 66 - COD. 856 GRIGIO;KG;13,1900000572205;196,52
POMPEA SPA;PF0128100/20D661097;100/2 ELAS CUC 10000 PA 66 - COD. 907 AZZURRO FUTURE;KG;19,91000020504;294,68
POMPEA SPA;PF0128100/20D661098;100/2 ELAS CUC 10000 PA 66 - COD. 687 MANGO;KG;15,0300000309944;222,44
POMPEA SPA;PF0128100/20D661099;100/2 ELAS CUC 10000 PA 66 - GLICINE 13 PANTONE 163520TPX;KG;30,6699998378754;453,92
POMPEA SPA;PF0128100/20D661100;100/2 ELAS CUC 10000 PA 66 - COD. 711 BLU;KG;15,1499998569489;224,22
POMPEA SPA;PF0128100/20D661101;100/2 ELAS CUC 10000 PA 66 - COD. 927 CORALLO;KG;30,150000333786;447,68
POMPEA SPA;PF0128100/20D661102;100/2 ELAS CUC 10000 PA 66 - COD. 999 TURCHESE;KG;16,1100001335144;240,04
POMPEA SPA;PF0128100/20D661103;100/2 ELAS CUC 10000 PA 66 - COD. 871 SABBIA;KG;46,8899997472763;698,65
POMPEA SPA;PF0128100/20D661105;100/2 ELAS CUC 10000 PA 66 - COD. 986;KG;15,1400001049042;225,58
POMPEA SPA;PF0128100/20D661106;100/2 ELAS CUC 10000 PA 66 - COD. 611 PAVONE;KG;49,0799999237061;731,28
POMPEA SPA;PF0128100/20D661107;100/2 ELAS CUC 10000 PA 66 - COD. 710 MILIT;KG;30,7400002479553;458,02
POMPEA SPA;PF0128100/20D661108;100/2 ELAS CUC 10000 PA 66 - COD. 946 MILITARE;KG;14,789999961853;220,36
POMPEA SPA;PF0128100/20D661109;100/2 ELAS CUC 10000 PA 66 - COD. 935 MILITARE;KG;14,2599997520447;212,47
POMPEA SPA;PF0128100/20D661110;100/2 ELAS CUC 10000 PA 66 - COD. 3028;KG;15,1999998092651;226,48
POMPEA SPA;PF0128100/20D661111;100/2 ELAS CUC 10000 PA 66 - COD. 979 ARANCIO;KG;118,389998912811;1764
POMPEA SPA;PF0128100/20D661112;100/2 ELAS CUC 10000 PA 66 - COD. 893 SALVIA;KG;82,8399980068207;1234,3
POMPEA SPA;PF0128100/20D661113;100/2 ELAS CUC 10000 PA 66 - COD. 890 ROSSO GERANIO;KG;14,9399995803833;222,61
POMPEA SPA;PF0128100/20D661114;100/2 ELAS CUC 10000 PA 66 - COD. 906 VIOLA;KG;14,9799995422363;223,2
POMPEA SPA;PF0128100/20D661115;100/2 ELAS CUC 10000 PA 66 - COD. 701 FRESIA;KG;48,5399985313416;723,23
POMPEA SPA;PF0128100/20D661116;100/2 ELAS CUC 10000 PA 66 - COD. 892;KG;13,879999756813;206,82
POMPEA SPA;PF0128100/20D661117;100/2 ELAS CUC 10000 PA 66 - COD. 998 CORAL;KG;23,1099998950958;344,33
I.R.T.E. SRL;;;;;
I.R.T.E. SRL;PF01290156T0X661015;156/1 TACTEL RIT PA 66 - NERO;KG;1;0
I.R.T.E. SRL;PF0129070/20I661003;70/2 ELAS INT. PA 66 - BIANCO 101 - NON USARE;KG;207,979999065399;1705,44
I.R.T.E. SRL;PF0129070/20I661006;70/2 ELAS INT. PA 66 - BLU 2012;KG;194,529999732971;1595,14
I.R.T.E. SRL;PF012970/160IP61004;78/2 MELANGE INTERL. PA 6 - GRIGIO CHIARO MELANGE 2;KG;137,839999556541;1254,35
I.R.T.E. SRL;PF0129786820X661002;78/68/2  RIT PA 66 - BIANCO;KG;680,580002248287;7894,7
I.R.T.E. SRL;PF0129V70/20V661007;70/2 VOLUMINIZZATO INTERL. PA 66 - BLU PROFONDO;KG;1;0
I.R.T.E. SRL;PF0129V70/20V661008;70/2 VOLUMINIZZATO INTERL. PA 66 - PETROLIO;KG;1;0
I.R.T.E. SRL;PF0129V70/20V661009;70/2 VOLUMINIZZATO INTERL. PA 66 - MOON ROCK;KG;1;0
I.R.T.E. SRL;PF0129V70/20V661010;70/2 VOLUMINIZZATO INTERL. PA 66 - TE';KG;1;0
I.R.T.E. SRL;PF0129V70/20V661011;70/2 VOLUMINIZZATO INTERL. PA 66 - EUCALIPTO;KG;1;0
I.R.T.E. SRL;PF0129V70/20V661012;70/2 VOLUMINIZZATO INTERL. PA 66 - MUSTARD;KG;1;0
I.R.T.E. SRL;PF0129V70/20V661013;70/2 VOLUMINIZZATO INTERL. PA 66 - AMARONE;KG;1;0
I.R.T.E. SRL;PF0129V70/20V661014;70/2 VOLUMINIZZATO INTERL. PA 66 - GIALLO ACIDO;KG;1;0
I.R.T.E. SRL;PF0129V70/20V661016;70/2 VOLUMINIZZATO INTERL. PA 66 - GRIGIO 462;KG;63,6399998664856;553,67
I.R.T.E. SRL;PF0129V70/20V661018;70/2 VOLUMINIZZATO INTERL. PA 66 - AZZURRO 1312;KG;53,9200003147125;469,1
LA FILTOM SRL;;;;;
LA FILTOM SRL;PF0130100/20X660001;100/2 ELAS RIT PA 66 - ;KG;51,9900016784668;389,93
SARAFLEX SRL;;;;;
SARAFLEX SRL;PF0143070/20XP60001;70/2 ELAS RIT PA 6 - ;KG;179,090000629425;1092,47
FINOTEX ITALIA SRL;;;;;
FINOTEX ITALIA SRL;PF0145100/20X661000;100/2 ELAS RIT PA 66 - NERO;KG;229,06999874115;2130,37
GIRARDI SRL;;;;;
GIRARDI SRL;PF0155100/20X661008;100/2 ELAS RIT PA 66 - NERO;KG;53,4999990463257;535
GIRARDI SRL;PF0155100/20X661009;100/2 ELAS RIT PA 66 - BIANCO;KG;18,7800002098083;187,8
LINEA SPRINT SPA;;;;;
LINEA SPRINT SPA;PF0158100/20D661002;100/2 ELAS CUC 10000 PA 66 - COD. 1333 BLU;KG;11,8300004005432;216,6
LINEA SPRINT SPA;PF0158100/20X661000;100/2 ELAS RIT PA 66 - NERO;KG;212,880000114441;2029,01
LINEA SPRINT SPA;PF0158100/20X661006;100/2 ELAS RIT PA 66 - BIANCO;KG;47,2200002670288;448,61
LINEA SPRINT SPA;PR01580001;;;0;123,49
CIZETA MEDICALI SPA;;;;;
CIZETA MEDICALI SPA;PF0160040/20X661009;40/2 ELAS RIT PA 66 - ORANGE 300;KG;1;30
CIZETA MEDICALI SPA;PF0160070/20I661011;70/2 ELAS INT. PA 66 - BEIGE;KG;1;15
CIZETA MEDICALI SPA;PF0160070/20X661010;70/2 ELAS RIT PA 66 - 020 CELESTE;KG;33,6499996185303;316,31
CIZETA MEDICALI SPA;PF0160070/20X661011;70/2 ELAS RIT PA 66 - BEIGE;KG;1;15
CIZETA MEDICALI SPA;PF0160070/20X661012;70/2 ELAS RITORTO 120 GIRI PA 66 - 604 BEIGE;KG;30,510000705719;302,05
CIZETA MEDICALI SPA;PF016044/340XTC1009;44/34/2 ELAS RIT TACTEL - ORANGE 300;KG;52,9199995994568;820,28
EMMETEX ITALIA SNC DI MARMO N. & C.;;;G;226,040000915527;-1084,1
EMMETEX ITALIA SNC DI MARMO N. & C.;;;KG;287,38000869751;-186,63
EMMETEX ITALIA SNC DI MARMO N. & C.;;;;;
EMMETEX ITALIA SNC DI MARMO N. & C.;PF0166070/20IP61009;70/2 ELAS INT. PA 6 - NERO RETRO;KG;9,43000030517578;77,33
EMMETEX ITALIA SNC DI MARMO N. & C.;PF0166070/20IP61010;70/2 ELAS INT. PA 6 - GLICINE 3523;KG;20,5300002098083;168,35
EMMETEX ITALIA SNC DI MARMO N. & C.;PF0166070/20IP61012;70/2 ELAS INT. PA 6 - ROYAL;KG;61,3399991989136;502,99
EMMETEX ITALIA SNC DI MARMO N. & C.;PF0166070/20IP61013;70/2 ELAS INT. PA 6 - VERDE SALVIA;KG;27,1799998283386;222,87
EMMETEX ITALIA SNC DI MARMO N. & C.;PF0166070/20IP61014;70/2 ELAS INT. PA 6 - NAVY E 12;KG;226,040000915527;1650,1
EMMETEX ITALIA SNC DI MARMO N. & C.;PF0166070/20XP61005;70/2 ELAS RIT PA 6 - FANGO;KG;37,9099998474121;326,02
EMMETEX ITALIA SNC DI MARMO N. & C.;PF0166070/20XP61006;70/2 ELAS RIT PA 6 - ASFALTO;KG;21,460000038147;184,55
EMMETEX ITALIA SNC DI MARMO N. & C.;PF0166070/20XP61008;70/2 ELAS RIT PA 6 - GRIGIO;KG;41,3999998569489;356,05
EMMETEX ITALIA SNC DI MARMO N. & C.;PF0166070/20XP61010;70/2 ELAS RIT PA 6 - GLICINE 3523;KG;15,2299995422363;111,18
EMMETEX ITALIA SNC DI MARMO N. & C.;PF0166070/20XP61013;70/2 ELAS RIT PA 6 - VERDE SALVIA;KG;15,6300001144409;114,1
EMMETEX ITALIA SNC DI MARMO N. & C.;PF0166070/20XP61014;70/2 ELAS RIT PA 6 - NAVY E 12;KG;156,950001239777;1160,76
EMMETEX ITALIA SNC DI MARMO N. & C.;PF0166070/20XP61015;70/2 ELAS RIT PA 6 - CORALLO;KG;21,789999961853;176,5
EMMETEX ITALIA SNC DI MARMO N. & C.;PF0166070/20XP61016;70/2 ELAS RIT PA 6 - VERDE TPX 17-0145;KG;15,8199998140335;115,49
EMMETEX ITALIA SNC DI MARMO N. & C.;PF0166070/20XP61017;70/2 ELAS RIT PA 6 -  BLEU NOTTE D;KG;125,039999008179;912,8
EMMETEX ITALIA SNC DI MARMO N. & C.;PF0166070/20XP61018;70/2 ELAS RIT PA 6 - BLEU NAVY E;KG;56,2599997520447;410,7
EMMETEX ITALIA SNC DI MARMO N. & C.;PF0166070/20XP61019;70/2 ELAS RIT PA 6 - BEIGE 18-1250 TCX;KG;11,460000038147;83,66
EMMETEX ITALIA SNC DI MARMO N. & C.;PF0166070/20XP61021;70/2 ELAS RIT PA 6 - E 69 QUADRIFOGLIO N;KG;15,5600004196167;113,59
EMMETEX ITALIA SNC DI MARMO N. & C.;PF0166070/20XP61022;70/2 ELAS RIT PA 6 - E 60 RUBINO N;KG;15,9799995422363;116,65
EMMETEX ITALIA SNC DI MARMO N. & C.;PF0166070/20XP61023;70/2 ELAS RIT PA 6 - VERDE SALVIA CAMPIONE;KG;208,810001373291;1524,3
EMMETEX ITALIA SNC DI MARMO N. & C.;PF0166070/20XP61024;70/2 ELAS RIT PA 6 - NERO A CAMPIONE;KG;205,770002126694;1481,51
EMMETEX ITALIA SNC DI MARMO N. & C.;PF0166070/20XP61025;70/2 ELAS RIT PA 6 - FUXIA FLUO 8143;KG;42,4800004959106;310,1
EMMETEX ITALIA SNC DI MARMO N. & C.;PF0166070/20XP61026;70/2 ELAS RIT PA 6 - GIALLO FLUO E 99;KG;36,599999666214;267,19
EMMETEX ITALIA SNC DI MARMO N. & C.;PF0166070/40X661000;70/4 ELAS RIT PA 66 - CANDIDO;KG;1,71000003814697;15,56
EMMETEX ITALIA SNC DI MARMO N. & C.;PF016670/160IP61007;78/2 MELANGE INTERLACCIATO PA 6.6 - GRIGIO MELANGE SCURO;KG;201,020000457764;1668,48
EMMETEX ITALIA SNC DI MARMO N. & C.;PF0166701700I661003;78/2 MELANGE INTERLACCIATO PA 66 - GRIGIO CHIARO MELANGE CLASSICO;KG;64,1999995708466;532,87
EMMETEX ITALIA SNC DI MARMO N. & C.;PF0166706700INY1007;78/2 MELANGE INTERLACCIATO PA 6.6 - GRIGIO MELANGE SCURO;KG;1277,13999712467;10600,37
EMMETEX ITALIA SNC DI MARMO N. & C.;PF0166706700INY1011;78/2 MELANGE INTERLACCIATO PA 6.6 - MELANGE JEANS;KG;79,9000010490417;663,17
EMMETEX ITALIA SNC DI MARMO N. & C.;PR01660001;;;0;54,18
EMMETEX ITALIA SNC DI MARMO N. & C.;PR01660006;;;0;0
CALZ. DE BERT di Bertoletti Pietro;;;;;
CALZ. DE BERT di Bertoletti Pietro;PF0167020/20X661001;20/2 ELAS RIT PA 66 - BLEU 3;KG;18,5300002098083;370,6
OFFICINA FILATI S.R.L.;;;;;
OFFICINA FILATI S.R.L.;FL0327563410APM;56/34/1 ELAS APERTO PA MICRO;KG;98,1800003051758;579,26
MARA DI RIVABEN LUCA & C. S.N.C.;;;;;
MARA DI RIVABEN LUCA & C. S.N.C.;PF0176070/20X661000;70/2 ELAS RIT PA 66 - BEIGE 989;KG;97,6699998378754;927,9
MARA DI RIVABEN LUCA & C. S.N.C.;PF0176070/20X661001;70/2 ELAS RIT PA 66 - BIANCO;KG;94,6600003242493;899,3
MARA DI RIVABEN LUCA & C. S.N.C.;PF0176070/20X661002;70/2 ELAS RIT PA 66 - BLU;KG;42,1100008487701;400,05
MANIFATTURA DI BREME DI VICTORIA SRL;;;;;
MANIFATTURA DI BREME DI VICTORIA SRL;PF0181070/20X661000;70/2 ELAS RIT PA 66 - GIALLO;KG;29,6100003123283;296,1
F.T. FILATI TOMASELLI SRL;;;;;
F.T. FILATI TOMASELLI SRL;PF0304040/10A661001;40/1 ELAS APE PA 66 - SACCO 2618;KG;49,6699995994568;526,5
F.T. FILATI TOMASELLI SRL;PF0304040/10A661002;40/1 ELAS APE PA 66 - GRIGIO M 2012;KG;362,820000052452;3783,46
F.T. FILATI TOMASELLI SRL;PF0304040/10A661003;40/1 ELAS APE PA 66 - ROSSO 16;KG;233,320000648499;2432,96
F.T. FILATI TOMASELLI SRL;PF0304040/10A661010;40/1 ELAS APE PA 66 - ROYAL 12;KG;31,7300002574921;333,03
F.T. FILATI TOMASELLI SRL;PF0304040/10A661011;40/1 ELAS APE PA 66 - 2710 FUXIA;KG;97,9599996805191;1033,05
F.T. FILATI TOMASELLI SRL;PF0304040/10A661012;40/1 ELAS APE PA 66 - ROSA 2708;KG;23,1599998474121;245,49
F.T. FILATI TOMASELLI SRL;PF0304040/10A661013;40/1 ELAS APE PA 66 - 2017 ARGENTO;KG;184,92000079155;1917,66
F.T. FILATI TOMASELLI SRL;PF0304040/10A661014;40/1 ELAS APE PA 66 - 34 VERDE;KG;29,8299999237061;311,48
F.T. FILATI TOMASELLI SRL;PF0304040/10A661015;40/1 ELAS APE PA 66 - CORALLO 41;KG;15,5600000619888;164,67
F.T. FILATI TOMASELLI SRL;PF0304040/10A661016;40/1 ELAS APE PA 66 - 2064 BANDIERA;KG;52,080001115799;539,04
F.T. FILATI TOMASELLI SRL;PF0304040/10A661017;40/1 ELAS APE PA 66 - 32 VERDE;KG;50,1499998569489;519,05
F.T. FILATI TOMASELLI SRL;PF0304040/10A661018;40/1 ELAS APE PA 66 - 43 VERDE;KG;8,06999969482422;83,52
CALINT S.R.L.;;;;;
CALINT S.R.L.;PF0308100/20X661000;100/2 ELAS RIT PA 66 - NERO;KG;29,5700001716614;295,7
TRERE' INNOVATION S.R.L.;;;KG;166,199996948242;-1512,42
TRERE' INNOVATION S.R.L.;;;;;
TRERE' INNOVATION S.R.L.;PF0309007080I661001;70/8 ELAS INT. PA 66 - NERO A CAMPIONE;KG;35,8800005912781;376,76
TRERE' INNOVATION S.R.L.;PF0309007080I661002;70/8 ELAS INT. PA 66 - ANTRACITE E/4;KG;54,6200003623962;573,53
TRERE' INNOVATION S.R.L.;PF0309007080X661001;70/8 ELAS RIT PA 66 - NERO A CAMPIONE;KG;43,1000003814697;452,56
TRERE' INNOVATION S.R.L.;PF0309007080X661002;70/8 ELAS RIT PA 66 - ANTRACITE E/4;KG;55,4699997901917;582,46
TRERE' INNOVATION S.R.L.;PF0309007080X661003;70/8 ELAS RIT PA 66 - ROSSO 1024;KG;329,269999265671;3457,43
TRERE' INNOVATION S.R.L.;PF0309007080X661008;70/8 ELAS RIT PA 66 - BIANCO;KG;20,9799995422363;220,3
TRERE' INNOVATION S.R.L.;PF0309040/20X661001;40/2 ELAS RIT PA 66 - NERO A CAMPIONE;KG;2380,78999763727;22618,24
TRERE' INNOVATION S.R.L.;PF0309040/20X661008;40/2 ELAS RIT PA 66 - BIANCO;KG;344,159999370575;3269,62
TRERE' INNOVATION S.R.L.;PF0309040/20X661020;40/2 ELAS RIT PA 66 - MEDIUM GREY 3003;KG;1523,2899929285;14471,62
TRERE' INNOVATION S.R.L.;PF0309070/30XP61016;70/3 ELAS RIT PA 6 - E176 GREEN SHINY;KG;606,900003552437;5886,95
TRERE' INNOVATION S.R.L.;PF0309070/30XP61026;70/3 ELAS RIT PA 6 - CARDINALE 8037;KG;29,7100002765656;270,36
TRERE' INNOVATION S.R.L.;PF0309070/30XP61027;70/3 ELAS RIT PA 6 - BENETTON 5937;KG;36,0699996948242;328,25
TRERE' INNOVATION S.R.L.;PF0309070/40X661000;70/4 ELAS RIT PA 66 - ARANCIO 1026;KG;1036,94999885559;9436,33
TRERE' INNOVATION S.R.L.;PF0309070/40X661001;70/4 ELAS RIT PA 66 - NERO A CAMPIONE;KG;1260,91999983788;11474,49
TRERE' INNOVATION S.R.L.;PF0309070/40X661002;70/4 ELAS RIT PA 66 - ANTRACITE E/4;KG;586,800001621246;5339,9
TRERE' INNOVATION S.R.L.;PF0309070/40X661003;70/4 ELAS RIT PA 66 - ROSSO 1024;KG;94,0599994659424;855,96
TRERE' INNOVATION S.R.L.;PF0309070/40X661005;70/4 ELAS RIT PA 66 - CIELO 1044;KG;179,490000724792;1633,35
TRERE' INNOVATION S.R.L.;PF0309070/40X661008;70/4 ELAS RIT PA 66 - BIANCO;KG;190,770000934601;1736,02
TRERE' INNOVATION S.R.L.;PF0309070/40X661021;70/4 ELAS RIT PA 66 - A347 TURQUOISE 4562;KG;112,540000200272;1024,13
TRERE' INNOVATION S.R.L.;PF0309070/40X661022;70/4 ELAS RIT PA 66 - BEIGE 605;KG;10,25;93,28
TRERE' INNOVATION S.R.L.;PF0309070/40X661023;70/4 ELAS RIT PA 66 - E025 GREEN LIME;KG;50,2100007534027;456,92
TRERE' INNOVATION S.R.L.;PF0309070/40X661024;70/4 ELAS RIT PA 66 - GIALLO 2030;KG;50,2999992370605;457,73
TRERE' INNOVATION S.R.L.;PF0309070/40X661025;70/4 ELAS RIT PA 66 - FUXIA 1418;KG;49,9499998092651;454,55
TRERE' INNOVATION S.R.L.;PF0309070/40XP61000;70/4 ELAS RIT PA 6 - ARANCIO 1026;KG;405,739999055862;3692,27
TRERE' INNOVATION S.R.L.;PF0309070/40XP61001;70/4 ELAS RIT PA 6 - NERO A CAMPIONE;KG;87,649998664856;797,62
TRERE' INNOVATION S.R.L.;PF0309070/40XP61008;70/4 ELAS RIT PA 6 - BIANCO;KG;96,2399997711182;875,79
TRERE' INNOVATION S.R.L.;PF0309070/40XP61016;70/4 ELAS RIT PA 6 - E176 GREEN SHINY;KG;11,0699996948242;106,27
TRERE' INNOVATION S.R.L.;PF0309070/40XP61028;70/4 ELAS RIT PA 6 - SUNFLOWER;KG;112,320000350475;1022,1
TRERE' INNOVATION S.R.L.;PF0309782SR0X661001;78/68/2 SKINLIFE RIT PA 66 - NERO A CAMPIONE;KG;1;15
TRE EFFE MANIFATTURA di Bergamini e Rubes Snc;;;KG;1327,08996582031;729,9
Calzificio SA.BA Snc;;;;;
Calzificio SA.BA Snc;PF0325070/10AP61009;70/1 ELAS APE PA 6 - CAMMELLO 2310;KG;300,260002374649;2792,43
NASTROTEX CUFRA SPA;;;KG;314,889999389648;-2676,57
NASTROTEX CUFRA SPA;;;;;
NASTROTEX CUFRA SPA;PF0336070/20XP61000;70/2 ELAS RIT PA 6 - 535 BLU;KG;1482,55000126362;9949,21
NASTROTEX CUFRA SPA;PF0336070/20XP61001;70/2 ELAS RIT PA 6 - 403 ROSSO;KG;211,839999556541;423,68
NASTROTEX CUFRA SPA;PF0336070/20XP61002;70/2 ELAS RIT PA 6 - 712 GRIGIO;KG;211,210002422333;422,42
NASTROTEX CUFRA SPA;PF0336070/20XP61003;70/2 ELAS RIT PA 6 - 584 BLU;KG;396,360002994537;2059,69
NASTROTEX CUFRA SPA;PF0336070/20XP61007;70/2 ELAS RIT PA 6 - 500 BLU;KG;231,080001115799;1964,23
NASTROTEX CUFRA SPA;PF0336070/20XP61010;70/2 ELAS RIT PA 6 - 395 BLU SCURO;KG;419,770004034042;2175,2
NASTROTEX CUFRA SPA;PF0336070/20XP61013;70/2 ELAS RIT PA 6 - E6 TUBO;KG;199,120001077652;398,24
NASTROTEX CUFRA SPA;PF0336070/20XP61014;70/2 ELAS RIT PA 6 - BLU 565;KG;268,119996070862;2279,08
NASTROTEX CUFRA SPA;PF0336070/20XP61015;70/2 ELAS RIT PA 6 - 806 ROSSO;KG;222,060000896454;1887,57
NASTROTEX CUFRA SPA;PF0336070/20XP61017;70/2 ELAS RIT PA 6 - 71A GRIGIO CHIARO;KG;325,849997520447;2769,81
NASTROTEX CUFRA SPA;PF0336070/20XP61018;70/2 ELAS RIT PA 6 - 404 ARANCIO;KG;96,8199987411499;823,01
NASTROTEX CUFRA SPA;PF0336070/20XP61019;70/2 ELAS RIT PA 6 - 632 VERDE;KG;241,589999198914;2053,57
NASTROTEX CUFRA SPA;PF0336070/20XP61020;70/2 ELAS RIT PA 6 - 537 VIOLA;KG;184,690000534058;1569,92
NASTROTEX CUFRA SPA;PF0336070/20XP61022;70/2 ELAS RIT PA 6 - 004 VERDE;KG;226,539999961853;453,08
NASTROTEX CUFRA SPA;PF0336070/20XP61023;70/2 ELAS RIT PA 6 - 719 GRIGIO;KG;209,659998893738;419,32
NASTROTEX CUFRA SPA;PF033644/340XTC1016;44/34/2 ELAS RIT TACTEL - COL. 171 ORO;KG;92,4800006151199;1368,7
NASTROTEX CUFRA SPA;PF033644/340XTC1021;44/34/2 ELAS RIT TACTEL - 572 MOSTO;KG;91,8800010681152;1359,82
NASTROTEX CUFRA SPA;PF0336786810X661024;78/68/1 ELAS RIT PA 66 - 025 GRIGIO;KG;46,1999988555908;92,4
NASTROTEX CUFRA SPA;PF0336786820Y661025;78/68/2  RIT150 GIRI PA 66 - 442 ROSA;KG;66,8500003814697;133,7
NASTROTEX CUFRA SPA;PR03360001;;;0;99,18
DUE GALLI SRL Socio Unico;;;;;
DUE GALLI SRL Socio Unico;PF0337040/20X661004;40/2 ELAS RIT PA 66 - NOCE;KG;42,7899992465973;564,83
DUE GALLI SRL Socio Unico;PF0337060/20X661000;60/2 ELAS RIT PA 66 - NERO 103;KG;196,709998369217;2124,44
DUE GALLI SRL Socio Unico;PF0337060/20X661001;60/2 ELAS RIT PA 66 - BLU;KG;41,5100002288818;448,31
DUE GALLI SRL Socio Unico;PF0337060/20X661002;60/2 ELAS RIT PA 66 - ANTRACITE;KG;38,8500003814697;419,58
DUE GALLI SRL Socio Unico;PF0337060/20X661003;60/2 ELAS RIT PA 66 - GRIGIO;KG;85,3300004005432;921,57
DUE GALLI SRL Socio Unico;PF0337060/20X661004;60/2 ELAS RIT PA 66 - NOCE;KG;146,229999780655;1579,29
DUE GALLI SRL Socio Unico;PF0337100/20X661000;100/2 ELAS RIT PA 66 - NERO 103;KG;10,0699996948242;100,7
DUE GALLI SRL Socio Unico;PF0337100/20X661004;100/2 ELAS RIT PA 66 - NOCE;KG;10,1499996185303;101,5
DUE GALLI SRL Socio Unico;PF0337784610XTC1009;78/46/1 ELAS RIT TACTEL - NERO;KG;1;30
CALZIFICIO PEZZINI SRL;;;;;
CALZIFICIO PEZZINI SRL;PF0341040/20XP61000;40/2 ELAS RIT PA 6 - E03 NERO;KG;477,279996991158;4438,73
CALZIFICIO PEZZINI SRL;PF0341040/20XP61003;40/2 ELAS RIT PA 6 - E01 BIANCO;KG;392,490001380444;3650,2
CALZIFICIO PEZZINI SRL;PF0341040/20XP61004;40/2 ELAS RIT PA 6 - E 4 ANTRACITE;KG;43,4899997711182;404,45
CALZIFICIO PEZZINI SRL;PF0341040/20XP61005;40/2 ELAS RIT PA 6 - E 21 MORO;KG;42,310001373291;393,48
CALZIFICIO PEZZINI SRL;PF0341040/20XP61006;40/2 ELAS RIT PA 6 - E 63 GRIGIO;KG;11,4899997711182;106,86
(NON USARE) - REAL KNITTING DOO;;;;;
(NON USARE) - REAL KNITTING DOO;PF0345060/20X661000;60/2 ELAS RIT PA 66 - GREGGIO;KG;1890,94000244141;14749,4
(NON USARE) - REAL KNITTING DOO;PF0345060/20X661001;60/2 ELAS RIT PA 66 - CAPPUCCINO TIFFANY;KG;16,3400001525879;179,74
(NON USARE) - REAL KNITTING DOO;PF0345060/20X661002;60/2 ELAS RIT PA 66 - DAINO TIFFANY;KG;11,0299997329712;121,33
(NON USARE) - REAL KNITTING DOO;PF0345060/20X661003;60/2 ELAS RIT PA 66 - GRAFITE TIFFANY;KG;9,36999988555908;103,07
(NON USARE) - REAL KNITTING DOO;PF0345060/20X661004;60/2 ELAS RIT PA 66 - MELON TIFFANY;KG;17,0100002288818;187,11
(NON USARE) - REAL KNITTING DOO;PF0345060/20X661005;60/2 ELAS RIT PA 66 - NATUREL TIFFANY;KG;11,2999995946884;124,3
(NON USARE) - REAL KNITTING DOO;PF0345060/20X661006;60/2 ELAS RIT PA 66 - BIANCO;KG;1,04999995231628;30
(NON USARE) - REAL KNITTING DOO;PF0345060/20X661007;60/2 ELAS RIT PA 66 - CAPPUCCINO FLIRT;KG;10,9099998474121;120,01
(NON USARE) - REAL KNITTING DOO;PF0345060/20X661008;60/2 ELAS RIT PA 66 - FUMO FLIRT;KG;15,5200002193451;170,72
(NON USARE) - REAL KNITTING DOO;PF0345060/20X661009;60/2 ELAS RIT PA 66 - DAINO NINFA;KG;14,8199998140335;163,02
(NON USARE) - REAL KNITTING DOO;PF0345060/20X661010;60/2 ELAS RIT PA 66 - BRONZO NINFA;KG;15,5000002384186;170,5
(NON USARE) - REAL KNITTING DOO;PF0345060/20X661011;60/2 ELAS RIT PA 66 - MELON NINFA;KG;15,1500000953674;166,65
(NON USARE) - REAL KNITTING DOO;PF0345060/20X661012;60/2 ELAS RIT PA 66 - CHOCOLATE NINFA;KG;10,5900001525879;116,49
(NON USARE) - REAL KNITTING DOO;PF0345060/20X661013;60/2 ELAS RIT PA 66 - MIELE FLIRT;KG;1,4099999666214;30
(NON USARE) - REAL KNITTING DOO;PF0345060/20X661014;60/2 ELAS RIT PA 66 - DAINO;KG;19,539999961853;214,94
(NON USARE) - REAL KNITTING DOO;PF0345060/20X661015;60/2 ELAS RIT PA 66 - MIELE MELON;KG;19,1999995112419;211,2
(NON USARE) - REAL KNITTING DOO;PF0345060/20X661016;60/2 ELAS RIT PA 66 - NERO;KG;20,3800001144409;224,18
(NON USARE) - REAL KNITTING DOO;PF0345060/20X661017;60/2 ELAS RIT PA 66 - BRONZO;KG;19,6200003623962;215,82
(NON USARE) - REAL KNITTING DOO;PF0345060/20X661018;60/2 ELAS RIT PA 66 - MOKA CHOCOLAT;KG;21,0100002288818;231,11
(NON USARE) - REAL KNITTING DOO;PF0345060/20X661019;60/2 ELAS RIT PA 66 - CARAMELLO;KG;20,8299999237061;229,13
(NON USARE) - REAL KNITTING DOO;PF0345060/20X661020;60/2 ELAS RIT PA 66 - FUMO GRAFITE;KG;19,7400002479553;217,14
(NON USARE) - REAL KNITTING DOO;PF0345060/20X661021;60/2 ELAS RIT PA 66 - CAPPUCCINO;KG;19,1000003814697;210,1
(NON USARE) - REAL KNITTING DOO;PF0345060/20X661022;60/2 ELAS RIT PA 66 - ANTRACITE;KG;20,3000001907349;223,3
CALZE HORUS di Paiano Quintino;;;;;
CALZE HORUS di Paiano Quintino;PF0349040/20X661000;40/2 ELAS RIT PA 66 - BLU MIDNIGHT 87298/111;KG;74,7500009536743;355,08
CALZE HORUS di Paiano Quintino;PF0349040/20X661001;40/2 ELAS RIT PA 66 - ANTRACITE 86260/104;KG;49,1099996566772;233,27
CALZE HORUS di Paiano Quintino;PF0349040/20X661002;40/2 ELAS RIT PA 66 - NERO;KG;73,9999990463257;351,49
UNIPROD SRL;;;;;
UNIPROD SRL;PF0350040/20X661002;40/2 ELAS RIT PA 66 - 024 NERO;KG;965,160004377365;9169,33
UNIPROD SRL;PF0350040/20X661003;40/2 ELAS RIT PA 66 - 001 CANDIDO;KG;690,050000727177;6555,67
UNIPROD SRL;PF0350070/40X661003;70/4 ELAS RIT PA 66 - 001 CANDIDO;KG;28,0099999904633;260,49
UNIPROD SRL;PF0350070/40X661012;70/4 ELAS RIT PA 66 - 014 BLU MARINE E 12;KG;29,9300001859665;278,36
UNIPROD SRL;PF0350070/40XP61003;70/4 ELAS RIT PA 6 - 001 CANDIDO;KG;116,810000419617;1062,98
UNIPROD SRL;PF0350070/40XP61012;70/4 ELAS RIT PA 6 - 014 BLU MARINE E 12;KG;124,219999313354;1130,4
UNIPROD SRL;PF0350100/20X661002;100/2 ELAS RIT PA 66 - 024 NERO;KG;576,809998989105;4787,56
UNIPROD SRL;PF0350100/20X661003;100/2 ELAS RIT PA 66 - 001 CANDIDO;KG;868,940002381802;7212,24
UNIPROD SRL;PF0350100/20X661004;100/2 ELAS RIT PA 66 - 013 COBALTO E 20;KG;61,7899994850159;512,87
UNIPROD SRL;PF0350100/20X661005;100/2 ELAS RIT PA 66 - 002 CIELO E 64;KG;48,039999961853;398,74
UNIPROD SRL;PF0350100/20X661006;100/2 ELAS RIT PA 66 - 019 GIALLO SENNA E 77;KG;43,5399994850159;361,39
UNIPROD SRL;PF0350100/20X661007;100/2 ELAS RIT PA 66 - 060 AZZURRO E 16;KG;81,789999961853;678,86
UNIPROD SRL;PF0350100/20X661008;100/2 ELAS RIT PA 66 - 007 FUXIA E 53;KG;63,5900011062622;527,8
UNIPROD SRL;PF0350100/20X661009;100/2 ELAS RIT PA 66 - 049 GIACINTO E 58;KG;63,8000001907349;529,54
UNIPROD SRL;PF0350100/20X661010;100/2 ELAS RIT PA 66 - 030 GRIGIO CHIARO E 61;KG;39,9200000762939;331,34
UNIPROD SRL;PF0350100/20X661011;100/2 ELAS RIT PA 66 - 039 ROSA FORTE E 88;KG;47,2399997711182;392,09
UNIPROD SRL;PF0350100/20X661012;100/2 ELAS RIT PA 66 - 014 BLU MARINE E 12;KG;185,980002403259;1543,65
UNIPROD SRL;PF0350100/20X661013;100/2 ELAS RIT PA 66 - 034 AVIO SCURO E 13;KG;60,6400002241135;503,32
UNIPROD SRL;PF0350100/20X661014;100/2 ELAS RIT PA 66 - 010 LILLA PANT. 15-3507;KG;23,3600006103516;193,89
UNIPROD SRL;PF0350100/20X661015;100/2 ELAS RIT PA 66 - 076 AZALEA PANT. 17-1744;KG;23,0200004577637;191,07
UNIPROD SRL;PF0350100/20X661016;100/2 ELAS RIT PA 66 - 1059 ROUGE PANT. 18-1760;KG;43,3799991607666;360,06
UNIPROD SRL;PF0350100/20X661018;100/2 ELAS RIT PA 66 - CLOROFILLA E 81;KG;19,9000000953674;165,17
UNIPROD SRL;PF0350100/20X661019;100/2 ELAS RIT PA 66 - BORDO' E 80;KG;40;332,01
TESSIL PIZZI SNC di Fasanella A.;;;KG;63,4500007629395;-526,64
TESSIL PIZZI SNC di Fasanella A.;;;;;
TESSIL PIZZI SNC di Fasanella A.;PF0351070/20IP61006;70/2 ELAS INT. PA 6 - MAGMA 3808;KG;63,4499998092651;526,64
TESSIL PIZZI SNC di Fasanella A.;PF0351070/20XP61002;70/2 ELAS RIT PA 6 - E 53 CICLAMINO;KG;20,5200004577637;170,31
TESSIL PIZZI SNC di Fasanella A.;PF0351070/20XP61003;70/2 ELAS RIT PA 6 - E 58 CARDINALE;KG;20,8799993991852;173,31
TESSIL PIZZI SNC di Fasanella A.;PF0351070/20XP61004;70/2 ELAS RIT PA 6 - AMARILLO FLUOR 8141;KG;29,7099995613098;246,6
TESSIL PIZZI SNC di Fasanella A.;PF0351070/20XP61005;70/2 ELAS RIT PA 6 - NARANAIA FLUOR 8142;KG;27,4800004959106;228,09
TESSIL PIZZI SNC di Fasanella A.;PF0351070/20XP61006;70/2 ELAS RIT PA 6 - MAGMA 3808;KG;238,760003089905;1981,71
TESSIL PIZZI SNC di Fasanella A.;PF0351070/20XP61007;70/2 ELAS RIT PA 6 - NUDO;KG;53,159999370575;441,23
TESSIL PIZZI SNC di Fasanella A.;PF0351070/20XP61008;70/2 ELAS RIT PA 6 - BLU 293;KG;54,5300006866455;452,61
TESSIL PIZZI SNC di Fasanella A.;PR03510001;;;0;19,19
TESSIL PIZZI SNC di Fasanella A.;PR03510006;;;0;17,15
INCANTO FASHION GROUP SRL;;;;;
INCANTO FASHION GROUP SRL;PF0356060/20X660001;60/2 ELAS RIT PA 66 - GREGGIO;KG;14,7700004577637;115,21
MICHELE SOLBIATI SASIL SPA;;;KG;28,7900009155273;-279,26
MICHELE SOLBIATI SASIL SPA;;;;;
MICHELE SOLBIATI SASIL SPA;PF0357443410X660001;44/34/1 ELAS RITORTO 800 S PA 66 - GREGGIO;KG;89,0299997329712;1002,15
(NON USARE) CALZIFICIO CHIARA di Giannelli Marco;;;;;
(NON USARE) CALZIFICIO CHIARA di Giannelli Marco;PF0359070/20XP61000;70/2 ELAS RIT PA 6 - CANDIDO;KG;35,0999999046326;291,33
(NON USARE) CALZIFICIO CHIARA di Giannelli Marco;PF0359070/20XP61001;70/2 ELAS RIT PA 6 - NERO;KG;16,960000038147;140,77
(NON USARE) CALZIFICIO CHIARA di Giannelli Marco;PF0359070/30XP61000;70/3 ELAS RIT PA 6 - CANDIDO;KG;19,8599996566772;160,87
(NON USARE) CALZIFICIO CHIARA di Giannelli Marco;PF0359070/30XP61001;70/3 ELAS RIT PA 6 - NERO;KG;199,040001630783;1612,25
(NON USARE) CALZIFICIO CHIARA di Giannelli Marco;PF0359070/30XP61002;70/3 ELAS RIT PA 6 - NARANAIA FLUOR 8142;KG;29,3199996948242;237,5
(NON USARE) CALZIFICIO CHIARA di Giannelli Marco;PF0359100/20XP61000;100/2 ELAS RIT PA 6 - CANDIDO;KG;18,2300004959106;151,31
(NON USARE) CALZIFICIO CHIARA di Giannelli Marco;PF0359100/20XP61001;100/2 ELAS RIT PA 6 - NERO;KG;218,359999895096;1772,58
(NON USARE) CALZIFICIO CHIARA di Giannelli Marco;PR03590006;;;0;8,8
NEW MARY PIZZI SRL;;;;;
NEW MARY PIZZI SRL;PF03610156T0X660001;156/1 TACTEL RIT PA 66 - GREGGIO;KG;309,070001602173;3399,77
NEW MARY PIZZI SRL;PF03610156T0X661004;156/1 TACTEL RIT PA 66 - CANDIDO;KG;291,170001029968;4076,38
NEW MARY PIZZI SRL;PF0361070/10AP60001;70/1 ELAS APE PA 6 - ;KG;5288,43000507355;27759,56
NEW MARY PIZZI SRL;PF0361070/20XP60001;70/2 ELAS RIT PA 6 - ;KG;206,08000087738;1257,1
NEW MARY PIZZI SRL;PF0361070/20XP61000;70/2 ELAS RIT PA 6 - NAVY E 12;KG;122,989998817444;1020,82
NEW MARY PIZZI SRL;PF0361070/20XP61001;70/2 ELAS RIT PA 6 - CANDIDO;KG;1426,18000555038;11694,67
NEW MARY PIZZI SRL;PF0361070/20XP61002;70/2 ELAS RIT PA 6 - NERO E3;KG;789,449997425079;6552,5
NEW MARY PIZZI SRL;PF0361070/20XP61003;70/2 ELAS RIT PA 6 - GRIGIO CHIARO E 61;KG;292,230001151562;2425,53
NEW MARY PIZZI SRL;PF0361701TP0ATP1005;78/18 APE PA6 TINTO PASTA - NERO;KG;1045,19999790192;5853,12
MA.RA SRL;;;;;
MA.RA SRL;PF036367/200K660001;67/20 LISCIO VOILE RIT 450 GIRI PA 66 - GREGGIO;KG;51,060000538826;485,08
CALZIFICIO BAGNATO SRL;;;;;
CALZIFICIO BAGNATO SRL;PF0371040/20X661000;40/2 ELAS RIT PA 66 - NERO;KG;160,439998626709;1492,1
EUROFIL SNC di Tucci Marco & C.;;;;;
EUROFIL SNC di Tucci Marco & C.;PF0373070/20IP61000;70/2 ELAS INT. PA 6 - NAVY E 12;KG;105,25;813,16
EUROFIL SNC di Tucci Marco & C.;PF0373070/20IP61001;70/2 ELAS INT. PA 6 - ANTRACITE;KG;1;35
EUROFIL SNC di Tucci Marco & C.;PF0373070/20IP61002;70/2 ELAS INT. PA 6 - ANTRACITE/BLU;KG;201,849999427795;1574,44
DEA DI GRAZIELLA FRANCIOSO;;;;;
DEA DI GRAZIELLA FRANCIOSO;PF0376070/20IP60001;70/2 ELAS INT. PA 6 - GREGGIO;KG;855,909993171692;3937,23
CALZIFICIO REBORN;;;;;
CALZIFICIO REBORN;PF0383070/20XP61000;70/2 ELAS RIT PA 6 - VERDE CIPRESSO;KG;21,510000705719;178,53